1131	C	A	tbprofiler	4.2.2.1	Euro-American	LAM7-TUR	None	A	T	C
4206	C	T	tbprofiler	4.1.3	Euro-American	T;X;H	None	T	C	C
9944	A	C	tbprofiler	4.2.2	Euro-American(Ural)	T;LAM7-TUR	None	C	C	A
10360	T	C	tbprofiler	1.2.2.1	Indo-Oceanic	NA	RD239	C	G	T
12204	G	A	tbprofiler	3	East-African-Indian	CAS	RD750	A	C	G
12234	C	G	tbprofiler	1.1.2	Indo-Oceanic	EAI3;EAI5	RD239	G	C	C
12555	C	T	tbprofiler	4.5	Euro-American	H;T	RD122	T	C	C
13175	A	G	tbprofiler	1.2.1.2	Indo-Oceanic	NA	RD239	G	C	A
13529	G	A	tbprofiler	5.1.3	West-Africa1	AFRI_2;AFRI_3	RD711	A	A	G
14251	G	A	tbprofiler	4.3	Euro-American(LAM)	mainly-LAM	None	A	C	G
15036	C	G	tbprofiler	4.4.1.1.1	Euro-American	S;Orphans	None	G	C	C
15177	C	G	tbprofiler	1.1.3	Indo-Oceanic	EAI6	RD239	G	C	C
17665	G	A	tbprofiler	4.6.5	Euro-American	T;LAM	None	A	T	G
17842	G	C	tbprofiler	3.1.3	East-African-Indian	CAS	RD750	C	T	G
18091	G	A	tbprofiler	4.6	Euro-American	T;LAM	None	A	C	G
19947	G	A	tbprofiler	6.1.2	West-Africa2	AFRI_1	RD702	A	T	G
20407	G	A	tbprofiler	1.2.2	Indo-Oceanic	EAI1	RD239	A	A	G
22807	G	T	tbprofiler	5.2	West-Africa1	AFRI_2;AFRI_3	RD711	T	C	G
25139	A	G	tbprofiler	1.1.3.2	Indo-Oceanic	NA	RD239	G	C	A
26300	T	C	tbprofiler	4.1.1.2	Euro-American(X-type)	X1	None	C	A	T
28439	T	C	tbprofiler	1.2.1.1	Indo-Oceanic	NA	RD239	C	A	T
30312	C	A	tbprofiler	6.1.2	West-Africa2	AFRI_1	RD702	A	G	C
32581	C	T	tbprofiler	4.1.3	Euro-American	T;X;H	None	T	T	C
32773	G	A	tbprofiler	1.2.2	Indo-Oceanic	EAI1	RD239	A	A	G
34605	C	A	tbprofiler	3.1.2	East-African-Indian	CAS;CAS2	RD750	A	G	C
37241	G	A	tbprofiler	6.2	West-Africa2	AFRI_1	RD702	A	C	G
39158	C	G	tbprofiler	2	East-Asian	Beijing	RD105	G	G	C
44812	G	T	tbprofiler	M.orygis	M.orygis	None	None	T	C	G
47699	G	A	tbprofiler	4.3.2	Euro-American(LAM)	LAM3	None	A	T	G
47978	C	T	tbprofiler	6.2.2	West-Africa2	AFRI_1	RD702	T	C	C
49079	C	G	tbprofiler	4.6.2	Euro-American	T;LAM	RD726	G	T	C
54304	C	T	tbprofiler	4.6	Euro-American	T;LAM	None	T	T	C
56604	C	A	tbprofiler	4.4.1.2	Euro-American	T1	None	A	C	C
57162	C	T	tbprofiler	5.1.5	West-Africa1	AFRI_2;AFRI_3	RD711	T	G	C
58786	G	C	tbprofiler	4.1.4	Euro-American	T;X;H	None	C	T	G
59181	C	T	tbprofiler	M.orygis	M.orygis	None	None	T	G	C
60297	T	C	tbprofiler	1.2.2.1	Indo-Oceanic	NA	RD239	C	A	T
61842	T	C	tbprofiler	1.2.2.2	Indo-Oceanic	NA	RD239	C	C	T
62657	G	A	tbprofiler	4.1	Euro-American	T;X;H	None	A	C	G
62768	A	G	tbprofiler	M.bovis	M.bovis	BOV_1;BOV_2	None	G	G	A
65811	C	T	tbprofiler	6.1.1	West-Africa2	AFRI_1	RD702	T	G	C
67813	G	A	tbprofiler	1.2.1.1	Indo-Oceanic	NA	RD239	A	C	G
67969	C	T	tbprofiler	1.1.3.3	Indo-Oceanic	NA	RD239	T	C	C
68227	G	T	tbprofiler	6.3	West-Africa2	AFRI_1	RD702	T	C	G
68688	C	T	tbprofiler	4.4.1.1.1	Euro-American	S;Orphans	None	T	G	C
69342	G	A	tbprofiler	4.6.2.2	Euro-American(Cameroon)	LAM10-CAM	RD726	A	A	G
69873	C	A	tbprofiler	4.1.1.1	Euro-American(X-type)	X2	RD183	A	T	C
69984	C	A	tbprofiler	3	East-African-Indian	CAS	RD750	A	C	C
71499	G	T	tbprofiler	5.1.5	West-Africa1	AFRI_2;AFRI_3	RD711	T	T	G
71636	C	T	tbprofiler	5.1.2	West-Africa1	AFRI_2;AFRI_3	RD711	T	C	C
74956	T	C	tbprofiler	4.2.2	Euro-American(Ural)	T;LAM7-TUR	None	C	A	T
78093	G	A	tbprofiler	6.3	West-Africa2	AFRI_1	RD702	A	C	G
83842	G	A	tbprofiler	4.1.2	Euro-American	T;H	None	A	C	G
85985	T	C	tbprofiler	3.1.1	East-African-Indian	CAS1-Kili	RD750	C	G	T
88764	C	T	tbprofiler	1.2.2.2	Indo-Oceanic	NA	RD239	T	C	C
90229	C	T	tbprofiler	4.9.1	Euro-American(H37Rv-like)	T1	None	T	G	C
90370	C	T	tbprofiler	4.1.4	Euro-American	T;X;H	None	T	T	C
93044	G	A	tbprofiler	4.6.2.2	Euro-American(Cameroon)	LAM10-CAM	RD726	A	T	G
94019	G	C	tbprofiler	5.1.5	West-Africa1	AFRI_2;AFRI_3	RD711	C	G	G
94718	G	A	tbprofiler	M.caprae	M.caprae	None	None	A	T	G
97898	C	T	tbprofiler	9	9	None	None	T	T	C
98536	C	T	tbprofiler	6.3	West-Africa2	AFRI_1	RD702	T	T	C
103181	A	G	tbprofiler	4.2	Euro-American	H;T;LAM	None	G	C	A
107794	C	T	tbprofiler	4.1.2.1	Euro-American(Haarlem)	T1;H1	RD182	T	C	C
108257	T	G	tbprofiler	M.caprae	M.caprae	None	None	G	G	T
111851	G	A	tbprofiler	4.6.3	Euro-American	T;LAM	None	A	T	G
112490	C	T	tbprofiler	5.1.5	West-Africa1	AFRI_2;AFRI_3	RD711	T	G	C
112958	G	A	tbprofiler	4.1.2.1.1	Euro-American(Haarlem)	T1;H1	RD182	A	T	G
117295	G	A	tbprofiler	1.1	Indo-Oceanic	EAI3;EAI4;EAI5;EAI6	RD239	A	A	G
118469	G	A	tbprofiler	4.6.2.2	Euro-American(Cameroon)	LAM10-CAM	RD726	A	C	G
119600	C	G	tbprofiler	4.9.1	Euro-American(H37Rv-like)	T1	None	G	T	C
121463	C	T	tbprofiler	4.2.2.1	Euro-American	LAM7-TUR	None	T	G	C
121831	G	A	tbprofiler	M.caprae	M.caprae	None	None	A	A	G
122794	T	G	tbprofiler	4.6	Euro-American	T;LAM	None	G	G	T
129852	C	T	tbprofiler	4.1.4	Euro-American	T;X;H	None	T	G	C
130449	C	A	tbprofiler	4.6.1.2	Euro-American	T2	RD724	A	C	C
135329	C	T	tbprofiler	2.2.1	East-Asian(Beijing)	Beijing-RD181	RD105;RD207;RD181	T	C	C
135695	C	A	tbprofiler	4.4.1.1.1	Euro-American	S;Orphans	None	A	T	C
136351	G	A	tbprofiler	6.2.2	West-Africa2	AFRI_1	RD702	A	T	G
136732	C	T	tbprofiler	6.1.2	West-Africa2	AFRI_1	RD702	T	C	C
138788	C	T	tbprofiler	4.6.1.2	Euro-American	T2	RD724	T	T	C
142317	C	T	tbprofiler	4.6.2.2	Euro-American(Cameroon)	LAM10-CAM	RD726	T	A	C
143535	C	T	tbprofiler	9	9	None	None	T	T	C
144390	G	A	tbprofiler	4.1.1.3	Euro-American(X-type)	X1;X3	RD193	A	C	G
147655	G	C	tbprofiler	4.3.2.1	Euro-American(LAM)	LAM3	RD761	C	T	G
152092	C	T	tbprofiler	4.2.2.1	Euro-American	LAM7-TUR	None	T	C	C
154051	A	G	tbprofiler	1.2.2	Indo-Oceanic	EAI1	RD239	G	G	A
154990	G	T	tbprofiler	2.2.2	East-Asian(Beijing)	Beijing-RD105/RD207	RD105;RD207	T	G	G
155293	G	A	tbprofiler	4.1.1.3	Euro-American(X-type)	X1;X3	RD193	A	C	G
155555	C	T	tbprofiler	4.6.5	Euro-American	T;LAM	None	T	G	C
162581	G	A	tbprofiler	4.3	Euro-American(LAM)	mainly-LAM	None	A	C	G
163705	C	T	tbprofiler	2.2.1	East-Asian(Beijing)	Beijing-RD181	RD105;RD207;RD181	T	G	C
164682	C	T	tbprofiler	1.1.3.2	Indo-Oceanic	NA	RD239	T	G	C
165487	C	T	tbprofiler	M.caprae	M.caprae	None	None	T	G	C
166348	A	C	tbprofiler	4.6.2.2	Euro-American(Cameroon)	LAM10-CAM	RD726	C	C	A
176821	C	G	tbprofiler	4.6.4	Euro-American	T;LAM	None	G	C	C
184254	G	C	tbprofiler	4.1.3	Euro-American	T;X;H	None	C	C	G
187285	G	C	tbprofiler	1.1.3.2	Indo-Oceanic	NA	RD239	C	T	G
187342	G	C	tbprofiler	3.1.2.2	East-African-Indian	CAS	RD750	C	C	G
191218	G	C	tbprofiler	5.1.3	West-Africa1	AFRI_2;AFRI_3	RD711	C	T	G
193735	C	G	tbprofiler	4.2.2	Euro-American(Ural)	T;LAM7-TUR	None	G	G	C
195682	C	G	tbprofiler	2.2	East-Asian(Beijing)	Beijing-RD207	RD105;RD207	G	T	C
197047	A	G	tbprofiler	4.3.4.1	Euro-American(LAM)	LAM1;LAM2	RD174	G	C	A
197397	G	C	tbprofiler	4.4.1	Euro-American(S-type)	S;T	None	C	T	G
199359	C	A	tbprofiler	M.caprae	M.caprae	None	None	A	G	C
201123	A	C	tbprofiler	4.1.1.1	Euro-American(X-type)	X2	RD183	C	G	A
201896	A	G	tbprofiler	4.7	Euro-American(mainlyT)	T1;T5	None	G	G	A
202715	A	G	tbprofiler	6.2	West-Africa2	AFRI_1	RD702	G	C	A
203214	T	C	tbprofiler	6.1.3	West-Africa2	AFRI_1	RD702	C	C	T
204724	G	A	tbprofiler	1.2.2.1	Indo-Oceanic	NA	RD239	A	T	G
205402	G	T	tbprofiler	4.3.1	Euro-American(LAM)	LAM9	None	T	T	G
206481	G	C	tbprofiler	4	Euro-American	LAM;T;S;X;H	None	C	C	C
208710	C	A	tbprofiler	4.4.1.1.1	Euro-American	S;Orphans	None	A	G	C
208782	A	C	tbprofiler	2.1	East-Asian(non-Beijing)	None	None	C	C	A
211576	C	A	tbprofiler	4.2.1.1	Euro-American(TUR)	H3;H4	None	A	G	C
212244	G	A	tbprofiler	4.8	Euro-American(mainlyT)	T1;T2;T3;T5	RD219	A	T	G
214036	C	T	tbprofiler	4.8.3	Euro-American(mainlyT)	T1;T2;T3;T5	RD219	T	G	C
215613	G	A	tbprofiler	4.6.1.1	Euro-American	T2-Uganda	RD724	A	C	G
215977	C	T	tbprofiler	2.2.1	East-Asian(Beijing)	Beijing-RD181	RD105;RD207;RD181	T	G	C
216469	C	T	tbprofiler	2.1	East-Asian(non-Beijing)	None	None	T	A	C
217306	C	G	tbprofiler	4.2	Euro-American	H;T;LAM	None	G	T	C
219755	G	T	tbprofiler	9	9	None	None	T	C	G
221190	G	T	tbprofiler	8	8	None	None	T	T	G
223627	C	A	tbprofiler	4.3.1.1	Euro-American(LAM)	LAM9	None	A	G	C
224901	C	G	tbprofiler	4.4.1.1	Euro-American	S;Orphans	None	G	C	C
225039	G	A	tbprofiler	1.1.2	Indo-Oceanic	EAI3;EAI5	RD239	A	G	G
225495	T	C	tbprofiler	4.3.4.2.1	Euro-American(LAM)	LAM11	RD174	C	G	T
225657	G	A	tbprofiler	5.3	West-Africa1	AFRI_2;AFRI_3	RD711	A	C	G
228731	C	T	tbprofiler	M.bovis	M.bovis	BOV_1;BOV_3	None	T	G	C
230258	C	T	tbprofiler	9	9	None	None	T	C	C
231261	G	A	tbprofiler	5.1.3	West-Africa1	AFRI_2;AFRI_3	RD711	A	T	G
234695	G	T	tbprofiler	4.1.3	Euro-American	T;X;H	None	T	C	G
240754	T	G	tbprofiler	5.1.3	West-Africa1	AFRI_2;AFRI_3	RD711	G	G	T
247552	G	A	tbprofiler	6.1.2	West-Africa2	AFRI_1	RD702	A	C	G
252495	G	A	tbprofiler	4.6.3	Euro-American	T;LAM	None	A	C	G
252900	C	T	tbprofiler	2.2.2	East-Asian(Beijing)	Beijing-RD105/RD207	RD105;RD207	T	A	C
253969	G	A	tbprofiler	4.1.1.1	Euro-American(X-type)	X2	RD183	A	A	G
255225	G	A	tbprofiler	4.1.2.1.1	Euro-American(Haarlem)	T1;H1	RD182	A	C	G
257041	C	T	tbprofiler	4.9.1	Euro-American(H37Rv-like)	T1	None	T	A	C
260802	C	A	tbprofiler	5.2	West-Africa1	AFRI_2;AFRI_3	RD711	A	G	C
261628	G	C	tbprofiler	5.3	West-Africa1	AFRI_2;AFRI_3	RD711	C	T	G
262868	A	G	tbprofiler	4.8.3	Euro-American(mainlyT)	T1;T2;T3;T5	RD219	G	T	A
263057	T	G	tbprofiler	1.2.1.2	Indo-Oceanic	NA	RD239	G	G	T
264535	C	T	tbprofiler	1.1.3.3	Indo-Oceanic	NA	RD239	T	T	C
265968	C	G	tbprofiler	4.1.1	Euro-American(X-type)	X1;X2;X3	None	G	G	C
266115	C	T	tbprofiler	4.1.1.2	Euro-American(X-type)	X1	None	T	C	C
268953	C	T	tbprofiler	M.orygis	M.orygis	None	None	T	T	C
270362	C	A	tbprofiler	8	8	None	None	A	C	C
272678	C	T	tbprofiler	1	Indo-Oceanic	EAI	RD239	T	A	C
274930	G	A	tbprofiler	4.1.1.2	Euro-American(X-type)	X1	None	A	A	G
276363	C	T	tbprofiler	6.1.1	West-Africa2	AFRI_1	RD702	T	C	C
278189	T	C	tbprofiler	1.1.1	Indo-Oceanic	EAI4;EAI5	RD239	C	A	T
279803	G	T	tbprofiler	5.1.1	West-Africa1	AFRI_2;AFRI_3	RD711	T	T	G
281208	C	T	tbprofiler	1.1	Indo-Oceanic	EAI3;EAI4;EAI5;EAI6	RD239	T	G	C
281316	C	T	tbprofiler	4.5	Euro-American	H;T	RD122	T	G	C
281664	A	G	tbprofiler	4.6.3	Euro-American	T;LAM	None	G	G	A
282486	G	A	tbprofiler	1.2.1.1	Indo-Oceanic	NA	RD239	A	T	G
282892	C	T	tbprofiler	2	East-Asian	Beijing	RD105	T	C	C
284623	G	A	tbprofiler	4.1	Euro-American	T;X;H	None	A	C	G
285096	G	T	tbprofiler	1.1.3.2	Indo-Oceanic	NA	RD239	T	C	G
286300	C	A	tbprofiler	4.1.1.3.1	Euro-American(X-type)	X1;X3	RD193	A	C	C
288173	T	C	tbprofiler	3.1.2.2	East-African-Indian	CAS	RD750	C	G	T
292634	A	G	tbprofiler	4.8.3	Euro-American(mainlyT)	T1;T2;T3;T5	RD219	G	C	A
294596	T	G	tbprofiler	2.2.2	East-Asian(Beijing)	Beijing-RD105/RD207	RD105;RD207	G	G	T
294935	G	A	tbprofiler	6.2.3	West-Africa2	AFRI_1	RD702	A	T	G
297396	G	A	tbprofiler	1.2.1.2.1	Indo-Oceanic	NA	RD239	A	C	G
298596	G	C	tbprofiler	6.3	West-Africa2	AFRI_1	RD702	C	G	G
300111	C	G	tbprofiler	2.1	East-Asian(non-Beijing)	None	None	G	A	C
302191	G	T	tbprofiler	5.1.5	West-Africa1	AFRI_2;AFRI_3	RD711	T	T	G
303111	G	A	tbprofiler	6.3.1	West-Africa2	AFRI_1	RD702	A	A	G
303414	C	T	tbprofiler	1.2.1	Indo-Oceanic	EAI2	RD239	T	T	C
304050	T	C	tbprofiler	1.1.3.1	Indo-Oceanic	NA	RD239	C	A	T
305346	C	T	tbprofiler	4.1.4	Euro-American	T;X;H	None	T	C	C
305455	G	A	tbprofiler	1.1.3.1	Indo-Oceanic	NA	RD239	A	T	G
306113	C	T	tbprofiler	4.8.1	Euro-American(mainlyT)	T1;T2;T3;T5	RD219	T	C	C
306639	T	C	tbprofiler	4.2.1	Euro-American(TUR)	H3;H4	None	C	C	T
311380	G	C	tbprofiler	6.2.2	West-Africa2	AFRI_1	RD702	C	T	G
311613	T	G	tbprofiler	4.9	Euro-American(H37Rv-like)	T1	None	G	G	G
312944	C	T	tbprofiler	4.6	Euro-American	T;LAM	None	T	A	C
313425	G	T	tbprofiler	1.1.1	Indo-Oceanic	EAI4;EAI5	RD239	T	C	G
314338	A	G	tbprofiler	4.2.1	Euro-American(TUR)	H3;H4	None	G	C	A
317045	G	A	tbprofiler	1.1.3	Indo-Oceanic	EAI6	RD239	A	C	G
321558	C	T	tbprofiler	2.1	East-Asian(non-Beijing)	None	None	T	C	C
323526	A	G	tbprofiler	1.1.3.2	Indo-Oceanic	NA	RD239	G	A	A
324662	C	T	tbprofiler	4.3.1.1	Euro-American(LAM)	LAM9	None	T	A	C
325038	G	A	tbprofiler	4.6	Euro-American	T;LAM	None	A	G	G
326039	C	T	tbprofiler	4.3.2	Euro-American(LAM)	LAM3	None	T	C	C
328641	G	T	tbprofiler	4.1.1.3	Euro-American(X-type)	X1;X3	RD193	T	T	G
329079	A	G	tbprofiler	6.3	West-Africa2	AFRI_1	RD702	G	G	A
342201	C	G	tbprofiler	4.4.1.2	Euro-American	T1	None	G	C	C
342340	C	T	tbprofiler	4.1.2.1	Euro-American(Haarlem)	T1;H1	RD182	T	G	C
342873	C	T	tbprofiler	3	East-African-Indian	CAS	RD750	T	T	C
343092	C	T	tbprofiler	3.1.2.2	East-African-Indian	CAS	RD750	T	T	C
343314	C	T	tbprofiler	8	8	None	None	T	C	C
344288	C	G	tbprofiler	1	Indo-Oceanic	EAI	RD239	G	C	C
344414	G	C	tbprofiler	8	8	None	None	C	C	G
345317	G	C	tbprofiler	5	West-Africa1	AFRI_2;AFRI_3	RD711	C	T	G
345697	C	T	tbprofiler	4.4.1.2	Euro-American	T1	None	T	C	C
346693	G	T	tbprofiler	2.2.2	East-Asian(Beijing)	Beijing-RD105/RD207	RD105;RD207	T	C	G
346898	C	T	tbprofiler	3.1.2.2	East-African-Indian	CAS	RD750	T	A	C
347977	A	C	tbprofiler	8	8	None	None	C	C	A
349081	G	A	tbprofiler	7	7	None	None	A	T	G
352646	G	A	tbprofiler	5	West-Africa1	AFRI_2;AFRI_3	RD711	A	C	G
353766	T	C	tbprofiler	4.2.2	Euro-American(Ural)	T;LAM7-TUR	None	C	T	T
353767	C	T	tbprofiler	4.2.2	Euro-American(Ural)	T;LAM7-TUR	None	T	T	C
354234	G	A	tbprofiler	5.2	West-Africa1	AFRI_2;AFRI_3	RD711	A	T	G
355181	G	A	tbprofiler	4.4.1.1	Euro-American	S;Orphans	None	A	A	G
361145	T	C	tbprofiler	4.4.1.1	Euro-American	S;Orphans	None	C	C	T
363464	G	A	tbprofiler	2.2	East-Asian(Beijing)	Beijing-RD207	RD105;RD207	A	G	G
383081	A	G	tbprofiler	4.4.1.1	Euro-American	S;Orphans	None	G	A	A
393780	T	G	tbprofiler	4.3.4.1	Euro-American(LAM)	LAM1;LAM2	RD174	G	C	T
394922	G	T	tbprofiler	4.9.1	Euro-American(H37Rv-like)	T1	None	T	C	G
403481	C	T	tbprofiler	1.1.3.1	Indo-Oceanic	NA	RD239	T	G	C
403920	C	T	tbprofiler	4.3.3	Euro-American(LAM)	LAM;T	RD115	T	G	C
406389	G	A	tbprofiler	1.1	Indo-Oceanic	EAI3;EAI4;EAI5;EAI6	RD239	A	C	G
415693	G	A	tbprofiler	3.1.3	East-African-Indian	CAS	RD750	A	A	G
420008	G	A	tbprofiler	4.9	Euro-American(H37Rv-like)	T1	None	A	C	A
420308	C	T	tbprofiler	6.2	West-Africa2	AFRI_1	RD702	T	A	C
422879	G	A	tbprofiler	4.2.1	Euro-American(TUR)	H3;H4	None	A	C	G
423334	G	A	tbprofiler	1.1	Indo-Oceanic	EAI3;EAI4;EAI5;EAI6	RD239	A	C	G
435190	C	T	tbprofiler	4.1.2	Euro-American	T;H	None	T	G	C
435708	G	A	tbprofiler	4.6.1	Euro-American(Uganda)	T2	RD724	A	G	G
436203	C	G	tbprofiler	6.2.2	West-Africa2	AFRI_1	RD702	G	G	C
442072	C	A	tbprofiler	8	8	None	None	A	C	C
443277	A	C	tbprofiler	4.1.2	Euro-American	T;H	None	C	A	A
446165	G	C	tbprofiler	4.1.2	Euro-American	T;H	None	C	T	G
449194	G	A	tbprofiler	2.2.2	East-Asian(Beijing)	Beijing-RD105/RD207	RD105;RD207	A	C	G
449704	C	T	tbprofiler	4.8.1	Euro-American(mainlyT)	T1;T2;T3;T5	RD219	T	T	C
455759	T	G	tbprofiler	4.4.1.1.1	Euro-American	S;Orphans	None	G	G	T
457032	T	C	tbprofiler	4.3.2.1	Euro-American(LAM)	LAM3	RD761	C	G	T
457392	G	A	tbprofiler	3.1.3	East-African-Indian	CAS	RD750	A	A	G
458048	A	C	tbprofiler	6.3.2	West-Africa2	AFRI_1	RD702	C	T	A
461439	G	A	tbprofiler	6.3.1	West-Africa2	AFRI_1	RD702	A	G	G
464958	C	T	tbprofiler	5.1	West-Africa1	AFRI_2;AFRI_3	RD711	T	G	C
465300	C	T	tbprofiler	2.2	East-Asian(Beijing)	Beijing-RD207	RD105;RD207	T	T	C
465837	G	A	tbprofiler	1.2.1.1	Indo-Oceanic	NA	RD239	A	T	G
465864	C	T	tbprofiler	6.2	West-Africa2	AFRI_1	RD702	T	A	C
472124	C	T	tbprofiler	1.2.1.1	Indo-Oceanic	NA	RD239	T	A	C
472898	G	A	tbprofiler	5.1.1	West-Africa1	AFRI_2;AFRI_3	RD711	A	T	G
479632	G	T	tbprofiler	4.3.3	Euro-American(LAM)	LAM;T	RD115	T	G	G
481569	G	A	tbprofiler	4.2.1.1	Euro-American(TUR)	H3;H4	None	A	A	G
483489	G	A	tbprofiler	1.2.2	Indo-Oceanic	EAI1	RD239	A	A	G
485434	G	A	tbprofiler	4.1.4	Euro-American	T;X;H	None	A	A	G
488796	G	A	tbprofiler	4.6.1	Euro-American(Uganda)	T2	RD724	A	T	G
489024	C	T	tbprofiler	5.1	West-Africa1	AFRI_2;AFRI_3	RD711	T	C	C
489240	A	G	tbprofiler	2.1	East-Asian(non-Beijing)	None	None	G	C	A
490376	C	T	tbprofiler	6.3.2	West-Africa2	AFRI_1	RD702	T	C	C
492769	G	T	tbprofiler	5.1.5	West-Africa1	AFRI_2;AFRI_3	RD711	T	C	G
495104	C	T	tbprofiler	4.1.1.2	Euro-American(X-type)	X1	None	T	C	C
495692	G	A	tbprofiler	6.2.3	West-Africa2	AFRI_1	RD702	A	G	G
497491	G	A	tbprofiler	2	East-Asian	Beijing	RD105	A	T	G
498010	T	C	tbprofiler	1.1.2	Indo-Oceanic	EAI3;EAI5	RD239	C	G	T
498531	G	A	tbprofiler	4	Euro-American	LAM;T;S;X;H	None	A	C	A
500710	G	A	tbprofiler	M.orygis	M.orygis	None	None	A	C	G
506386	T	C	tbprofiler	4.4.1.1	Euro-American	S;Orphans	None	C	A	T
511350	G	A	tbprofiler	5.3	West-Africa1	AFRI_2;AFRI_3	RD711	A	T	G
514245	C	T	tbprofiler	4.1.1	Euro-American(X-type)	X1;X2;X3	None	T	A	C
522053	C	A	tbprofiler	2.1	East-Asian(non-Beijing)	None	None	A	G	C
528781	G	A	tbprofiler	1.2.1.2	Indo-Oceanic	NA	RD239	A	A	G
529363	C	T	tbprofiler	1.1.1	Indo-Oceanic	EAI4;EAI5	RD239	T	T	C
533547	C	G	tbprofiler	2.2.1	East-Asian(Beijing)	Beijing-RD181	RD105;RD207;RD181	G	C	C
534205	C	T	tbprofiler	5.1	West-Africa1	AFRI_2;AFRI_3	RD711	T	T	C
534691	C	T	tbprofiler	4.3	Euro-American(LAM)	mainly-LAM	None	T	C	C
535695	C	T	tbprofiler	4.3.3	Euro-American(LAM)	LAM;T	RD115	T	G	C
541048	T	G	tbprofiler	4.1.1.2	Euro-American(X-type)	X1	None	G	G	T
541201	G	A	tbprofiler	4.9	Euro-American(H37Rv-like)	T1	None	A	C	A
541869	C	T	tbprofiler	6.2.2	West-Africa2	AFRI_1	RD702	T	C	C
545117	C	A	tbprofiler	4.8.1	Euro-American(mainlyT)	T1;T2;T3;T5	RD219	A	A	C
546357	G	A	tbprofiler	4	Euro-American	LAM;T;S;X;H	None	A	G	A
550573	A	C	tbprofiler	4.3.4.2.1	Euro-American(LAM)	LAM11	RD174	C	G	A
550976	T	G	tbprofiler	5.1.2	West-Africa1	AFRI_2;AFRI_3	RD711	G	G	T
551419	C	G	tbprofiler	4.1.4	Euro-American	T;X;H	None	G	G	C
552361	G	A	tbprofiler	1.2.2	Indo-Oceanic	EAI1	RD239	A	T	G
554493	C	A	tbprofiler	5.1	West-Africa1	AFRI_2;AFRI_3	RD711	A	G	C
556961	G	T	tbprofiler	4.9.1	Euro-American(H37Rv-like)	T1	None	T	C	G
559350	G	A	tbprofiler	1.1.2	Indo-Oceanic	EAI3;EAI5	RD239	A	C	G
561021	G	A	tbprofiler	4.6.2	Euro-American	T;LAM	RD726	A	T	G
567446	G	A	tbprofiler	1.1.2	Indo-Oceanic	EAI3;EAI5	RD239	A	C	G
569045	C	T	tbprofiler	1.1.2	Indo-Oceanic	EAI3;EAI5	RD239	T	C	C
571943	G	A	tbprofiler	4.3.4	Euro-American(LAM)	LAM	RD174	A	T	G
576077	C	T	tbprofiler	4.2.2	Euro-American(Ural)	T;LAM7-TUR	None	T	T	C
578032	C	T	tbprofiler	4.6.1.2	Euro-American	T2	RD724	T	C	C
582221	T	C	tbprofiler	M.bovis	M.bovis	BOV_1;BOV_4	None	C	G	T
590250	G	T	tbprofiler	4.1.4	Euro-American	T;X;H	None	T	C	G
590595	G	A	tbprofiler	1.2.1.1	Indo-Oceanic	NA	RD239	A	A	G
594027	C	T	tbprofiler	4.1.1.2	Euro-American(X-type)	X1	None	T	T	C
596475	C	T	tbprofiler	1.2.2.2	Indo-Oceanic	NA	RD239	T	G	C
599577	C	T	tbprofiler	6.1.2	West-Africa2	AFRI_1	RD702	T	T	C
599868	G	A	tbprofiler	4	Euro-American	LAM;T;S;X;H	None	A	G	A
606376	G	A	tbprofiler	4.6.3	Euro-American	T;LAM	None	A	G	G
608179	C	T	tbprofiler	4.1.1.2	Euro-American(X-type)	X1	None	T	C	C
609254	C	T	tbprofiler	4.2.1	Euro-American(TUR)	H3;H4	None	T	C	C
611463	G	A	tbprofiler	4.2.2.2	Euro-American(Ural)	T;LAM7-TUR	None	A	C	G
615938	G	A	tbprofiler	1	Indo-Oceanic	EAI	RD239	A	A	G
616408	C	G	tbprofiler	4.8.3	Euro-American(mainlyT)	T1;T2;T3;T5	RD219	G	C	C
617988	G	T	tbprofiler	5.1.4	West-Africa1	AFRI_2;AFRI_3	RD711	T	G	G
620029	C	T	tbprofiler	4.5	Euro-American	H;T	RD122	T	G	C
622547	C	T	tbprofiler	4.6.3	Euro-American	T;LAM	None	T	G	C
632330	G	T	tbprofiler	4.3.4.2	Euro-American(LAM)	LAM1;LAM4;LAM11	RD174	T	G	G
633631	C	T	tbprofiler	1.1.3.3	Indo-Oceanic	NA	RD239	T	C	C
637730	C	T	tbprofiler	4.1.2.1	Euro-American(Haarlem)	T1;H1	RD182	T	C	C
638212	G	T	tbprofiler	4.2.1.1	Euro-American(TUR)	H3;H4	None	T	A	G
646243	T	C	tbprofiler	4.3.2	Euro-American(LAM)	LAM3	None	C	G	T
646531	A	T	tbprofiler	1	Indo-Oceanic	EAI	RD239	T	C	A
648465	A	G	tbprofiler	2.1	East-Asian(non-Beijing)	None	None	G	C	A
651772	C	A	tbprofiler	4.4.1	Euro-American(S-type)	S;T	None	A	G	C
652950	T	C	tbprofiler	3	East-African-Indian	CAS	RD750	C	G	T
654996	C	T	tbprofiler	1.2.1	Indo-Oceanic	EAI2	RD239	T	T	C
656298	C	G	tbprofiler	6.2.3	West-Africa2	AFRI_1	RD702	G	T	C
662911	C	T	tbprofiler	4	Euro-American	LAM;T;S;X;H	None	T	C	T
663077	G	A	tbprofiler	6.2.3	West-Africa2	AFRI_1	RD702	A	C	G
665902	G	T	tbprofiler	6.2	West-Africa2	AFRI_1	RD702	T	C	G
666745	G	A	tbprofiler	4.8.2	Euro-American(mainlyT)	T1;T2;T3;T5	RD219	A	C	G
670804	G	A	tbprofiler	6.3.2	West-Africa2	AFRI_1	RD702	A	T	G
671385	C	G	tbprofiler	2.2.1.1	East-Asian(Beijing)	Beijing-RD150	RD105;RD207;RD181;RD150	G	G	C
681313	C	T	tbprofiler	4.8.2	Euro-American(mainlyT)	T1;T2;T3;T5	RD219	T	T	C
685578	C	A	tbprofiler	1.1.3.1	Indo-Oceanic	NA	RD239	A	T	C
685869	G	A	tbprofiler	4.6.1	Euro-American(Uganda)	T2	RD724	A	T	G
687189	C	G	tbprofiler	4.1.3	Euro-American	T;X;H	None	G	C	C
693521	G	T	tbprofiler	9	9	None	None	T	C	G
701867	C	T	tbprofiler	1.1.1	Indo-Oceanic	EAI4;EAI5	RD239	T	A	C
703722	C	G	tbprofiler	4.1.1.3.1	Euro-American(X-type)	X1;X3	RD193	G	C	C
705062	G	C	tbprofiler	4.4.1.1	Euro-American	S;Orphans	None	C	C	G
705570	C	T	tbprofiler	1.1	Indo-Oceanic	EAI3;EAI4;EAI5;EAI6	RD239	T	A	C
705595	C	T	tbprofiler	4.3.2	Euro-American(LAM)	LAM3	None	T	G	C
709493	G	T	tbprofiler	4.8.3	Euro-American(mainlyT)	T1;T2;T3;T5	RD219	T	G	G
709657	T	C	tbprofiler	5.1.4	West-Africa1	AFRI_2;AFRI_3	RD711	C	C	T
711155	G	A	tbprofiler	1.1.2	Indo-Oceanic	EAI3;EAI5	RD239	A	T	G
715517	C	T	tbprofiler	5.1.1	West-Africa1	AFRI_2;AFRI_3	RD711	T	T	C
716918	G	A	tbprofiler	4.7	Euro-American(mainlyT)	T1;T5	None	A	C	G
717879	G	A	tbprofiler	1.2.2.1	Indo-Oceanic	NA	RD239	A	C	G
721208	C	T	tbprofiler	M.bovis	M.bovis	BOV_1;BOV_5	None	T	T	C
721581	A	G	tbprofiler	5.1.2	West-Africa1	AFRI_2;AFRI_3	RD711	G	T	A
723565	G	C	tbprofiler	4.1.3	Euro-American	T;X;H	None	C	C	G
724339	C	T	tbprofiler	4.1.3	Euro-American	T;X;H	None	T	G	C
729357	C	T	tbprofiler	1.2.2.2	Indo-Oceanic	NA	RD239	T	G	C
731015	A	G	tbprofiler	2.2.1.1	East-Asian(Beijing)	Beijing-RD150	RD105;RD207;RD181;RD150	G	T	A
732061	C	T	tbprofiler	5.1.5	West-Africa1	AFRI_2;AFRI_3	RD711	T	G	C
734562	G	A	tbprofiler	4.6.3	Euro-American	T;LAM	None	A	A	G
738603	C	T	tbprofiler	1.1.3.1	Indo-Oceanic	NA	RD239	T	A	C
738837	G	T	tbprofiler	2.2.1.2	East-Asian(Beijing)	Beijing-RD142	RD105;RD207;RD181;RD142	T	C	G
740855	G	C	tbprofiler	4.1.2.1.1	Euro-American(Haarlem)	T1;H1	RD182	C	A	G
742270	G	T	tbprofiler	8	8	None	None	T	T	G
745876	C	G	tbprofiler	1.1	Indo-Oceanic	EAI3;EAI4;EAI5;EAI6	RD239	G	G	C
748320	G	A	tbprofiler	M.orygis	M.orygis	None	None	A	C	G
748923	C	T	tbprofiler	4.8.3	Euro-American(mainlyT)	T1;T2;T3;T5	RD219	T	T	C
753088	C	T	tbprofiler	4.4	Euro-American	S;T	None	T	G	C
756568	G	A	tbprofiler	6.2	West-Africa2	AFRI_1	RD702	A	A	G
758122	C	T	tbprofiler	4.6.3	Euro-American	T;LAM	None	T	G	C
771654	A	G	tbprofiler	5.3	West-Africa1	AFRI_2;AFRI_3	RD711	G	G	A
771723	G	A	tbprofiler	6.3.2	West-Africa2	AFRI_1	RD702	A	T	G
772803	C	G	tbprofiler	4.3.1.1	Euro-American(LAM)	LAM9	None	G	C	C
772896	G	A	tbprofiler	M.bovis	M.bovis	BOV_1;BOV_6	None	A	T	G
773809	G	A	tbprofiler	4.3	Euro-American(LAM)	mainly-LAM	None	A	A	G
778298	C	T	tbprofiler	4.6.2	Euro-American	T;LAM	RD726	T	C	C
783601	A	C	tbprofiler	4.2.1	Euro-American(TUR)	H3;H4	None	C	T	A
784143	A	C	tbprofiler	7	7	None	None	C	C	A
784440	G	T	tbprofiler	4.3.4.2	Euro-American(LAM)	LAM1;LAM4;LAM11	RD174	T	C	G
784581	G	C	tbprofiler	4.3.2.1	Euro-American(LAM)	LAM3	RD761	C	C	G
791671	T	C	tbprofiler	3.1.2.1	East-African-Indian	CAS2	RD750	C	A	T
794735	G	A	tbprofiler	3.1.3	East-African-Indian	CAS	RD750	A	G	G
795563	C	T	tbprofiler	4.1.4	Euro-American	T;X;H	None	T	A	C
796876	A	G	tbprofiler	4.7	Euro-American(mainlyT)	T1;T5	None	G	T	A
797736	C	T	tbprofiler	2.2.1	East-Asian(Beijing)	Beijing-RD181	RD105;RD207;RD181	T	T	C
801959	C	T	tbprofiler	5	West-Africa1	AFRI_2;AFRI_3	RD711	T	G	C
806605	C	T	tbprofiler	4.2.1.1	Euro-American(TUR)	H3;H4	None	T	G	C
809981	G	A	tbprofiler	5.2	West-Africa1	AFRI_2;AFRI_3	RD711	A	C	G
811492	C	G	tbprofiler	1	Indo-Oceanic	EAI	RD239	G	T	C
811642	C	T	tbprofiler	7	7	None	None	T	A	C
811753	C	T	tbprofiler	2	East-Asian	Beijing	RD105	T	A	C
812502	C	T	tbprofiler	1	Indo-Oceanic	EAI	RD239	T	T	C
812808	G	A	tbprofiler	4.3.3	Euro-American(LAM)	LAM;T	RD115	A	T	G
818798	G	T	tbprofiler	4.6.1.2	Euro-American	T2	RD724	T	T	G
821102	C	T	tbprofiler	4.4.1	Euro-American(S-type)	S;T	None	T	T	C
821437	G	A	tbprofiler	5.1.1	West-Africa1	AFRI_2;AFRI_3	RD711	A	C	G
825585	T	C	tbprofiler	4.3.1	Euro-American(LAM)	LAM9	None	C	A	T
831206	C	T	tbprofiler	4.3.4.1	Euro-American(LAM)	LAM1;LAM2	RD174	T	C	C
832072	G	C	tbprofiler	1.1.3	Indo-Oceanic	EAI6	RD239	C	T	G
832708	A	C	tbprofiler	4.1.2	Euro-American	T;H	None	C	C	A
851797	C	A	tbprofiler	1.1.1.1	Indo-Oceanic	EAI4;ZERO	RD239	A	C	C
852641	C	T	tbprofiler	1.1.3	Indo-Oceanic	EAI6	RD239	T	A	C
853469	C	A	tbprofiler	4.3.2	Euro-American(LAM)	LAM3	None	A	G	C
860034	G	A	tbprofiler	6.3.2	West-Africa2	AFRI_1	RD702	A	G	G
863340	T	C	tbprofiler	4.6.2	Euro-American	T;LAM	RD726	C	T	T
864166	C	T	tbprofiler	1.2.1	Indo-Oceanic	EAI2	RD239	T	G	C
865761	C	T	tbprofiler	1	Indo-Oceanic	EAI	RD239	T	A	C
868006	C	T	tbprofiler	4.6.2	Euro-American	T;LAM	RD726	T	A	C
868271	T	C	tbprofiler	M.bovis	M.bovis	BOV_1;BOV_7	None	C	A	T
869440	C	T	tbprofiler	4.1.1	Euro-American(X-type)	X1;X2;X3	None	T	C	C
870112	C	T	tbprofiler	1.1.1	Indo-Oceanic	EAI4;EAI5	RD239	T	C	C
870187	C	T	tbprofiler	4.2.1.1	Euro-American(TUR)	H3;H4	None	T	A	C
870310	C	G	tbprofiler	6.1.3	West-Africa2	AFRI_1	RD702	G	G	C
874119	T	A	tbprofiler	6.1.3	West-Africa2	AFRI_1	RD702	A	A	T
875034	G	A	tbprofiler	3.1.2.2	East-African-Indian	CAS	RD750	A	C	G
876378	T	C	tbprofiler	4.6.1.1	Euro-American	T2-Uganda	RD724	C	C	T
877055	A	C	tbprofiler	1.1.3	Indo-Oceanic	EAI6	RD239	C	T	A
885634	G	A	tbprofiler	6.2.3	West-Africa2	AFRI_1	RD702	A	C	G
888214	G	A	tbprofiler	4.9.1	Euro-American(H37Rv-like)	T1	None	A	T	G
891756	A	G	tbprofiler	4.1.2	Euro-American	T;H	None	G	A	A
892416	C	T	tbprofiler	2.2	East-Asian(Beijing)	Beijing-RD207	RD105;RD207	T	G	C
894079	C	T	tbprofiler	4.1.1.1	Euro-American(X-type)	X2	RD183	T	T	C
895563	G	A	tbprofiler	6.3.1	West-Africa2	AFRI_1	RD702	A	T	G
896119	C	T	tbprofiler	4.6.2.1	Euro-American	T3	RD726	T	T	C
896152	C	T	tbprofiler	8	8	None	None	T	T	C
896356	C	T	tbprofiler	4.1.1.3	Euro-American(X-type)	X1;X3	RD193	T	C	C
896431	G	A	tbprofiler	7	7	None	None	A	T	G
898137	C	T	tbprofiler	6.2.2	West-Africa2	AFRI_1	RD702	T	T	C
899319	C	G	tbprofiler	4.2.1.1	Euro-American(TUR)	H3;H4	None	G	G	C
902413	C	T	tbprofiler	4.1	Euro-American	T;X;H	None	T	T	C
903226	C	T	tbprofiler	6.2.3	West-Africa2	AFRI_1	RD702	T	T	C
903262	C	A	tbprofiler	8	8	None	None	A	T	C
903913	C	T	tbprofiler	4.9	Euro-American(H37Rv-like)	T1	None	T	G	T
904090	T	C	tbprofiler	M.caprae	M.caprae	None	None	C	G	T
912545	C	G	tbprofiler	4.6.3	Euro-American	T;LAM	None	G	C	C
917596	C	A	tbprofiler	2.2.2	East-Asian(Beijing)	Beijing-RD105/RD207	RD105;RD207	A	T	C
918646	G	A	tbprofiler	6.2.1	West-Africa2	AFRI_1	RD702	A	C	G
918685	C	T	tbprofiler	M.caprae	M.caprae	None	None	T	T	C
919393	G	C	tbprofiler	4.3.3	Euro-American(LAM)	LAM;T	RD115	C	T	G
923065	T	A	tbprofiler	4.1	Euro-American	T;X;H	None	A	G	T
931123	C	T	tbprofiler	4	Euro-American	LAM;T;S;X;H	None	T	A	T
938153	A	G	tbprofiler	3.1.3	East-African-Indian	CAS	RD750	G	A	A
947294	T	C	tbprofiler	M.bovis	M.bovis	BOV_1;BOV_8	None	C	G	T
951567	A	G	tbprofiler	6.1.3	West-Africa2	AFRI_1	RD702	G	G	A
953397	C	T	tbprofiler	4.8.2	Euro-American(mainlyT)	T1;T2;T3;T5	RD219	T	T	C
958362	C	G	tbprofiler	3.1	East-African-Indian	Non-CAS1-Delhi	RD750	G	C	C
961598	C	G	tbprofiler	3.1.2.1	East-African-Indian	CAS2	RD750	G	T	C
963022	T	C	tbprofiler	5.2	West-Africa1	AFRI_2;AFRI_3	RD711	C	C	T
964099	T	C	tbprofiler	4.4.1.1	Euro-American	S;Orphans	None	C	G	T
973290	G	A	tbprofiler	4.5	Euro-American	H;T	RD122	A	C	G
979314	C	T	tbprofiler	4.6.1	Euro-American(Uganda)	T2	RD724	T	T	C
979859	T	C	tbprofiler	4.1.1.3	Euro-American(X-type)	X1;X3	RD193	C	C	T
982363	G	T	tbprofiler	6	West-Africa2	AFRI_1	RD702	T	G	G
985287	G	A	tbprofiler	4.4.2	Euro-American	T1;T2	None	A	C	G
990383	G	A	tbprofiler	1.2.1	Indo-Oceanic	EAI2	RD239	A	T	G
990533	T	C	tbprofiler	4.3.4.2	Euro-American(LAM)	LAM1;LAM4;LAM11	RD174	C	T	T
993016	G	A	tbprofiler	3.1.2	East-African-Indian	CAS;CAS2	RD750	A	A	G
996871	G	A	tbprofiler	4.6.1.1	Euro-American	T2-Uganda	RD724	A	T	G
1006080	G	A	tbprofiler	4.1.1.1	Euro-American(X-type)	X2	RD183	A	C	G
1010532	G	A	tbprofiler	4.6.2	Euro-American	T;LAM	RD726	A	T	G
1011206	C	G	tbprofiler	5.3	West-Africa1	AFRI_2;AFRI_3	RD711	G	C	C
1014058	G	A	tbprofiler	5.1.2	West-Africa1	AFRI_2;AFRI_3	RD711	A	C	G
1014722	C	T	tbprofiler	5.3	West-Africa1	AFRI_2;AFRI_3	RD711	T	A	C
1017836	A	C	tbprofiler	4.2.1	Euro-American(TUR)	H3;H4	None	C	G	A
1018811	G	A	tbprofiler	1.2.2	Indo-Oceanic	EAI1	RD239	A	C	G
1025614	G	T	tbprofiler	4.1.2.1.1	Euro-American(Haarlem)	T1;H1	RD182	T	G	G
1028944	C	T	tbprofiler	4.1.1.3	Euro-American(X-type)	X1;X3	RD193	T	A	C
1030368	C	G	tbprofiler	4.6.2.1	Euro-American	T3	RD726	G	C	C
1037355	T	C	tbprofiler	4.3.4	Euro-American(LAM)	LAM	RD174	C	C	T
1038108	C	G	tbprofiler	3.1.2.1	East-African-Indian	CAS2	RD750	G	T	C
1039981	T	C	tbprofiler	1.1.1	Indo-Oceanic	EAI4;EAI5	RD239	C	A	T
1049905	C	T	tbprofiler	5.3	West-Africa1	AFRI_2;AFRI_3	RD711	T	A	C
1051949	G	A	tbprofiler	4.4.1	Euro-American(S-type)	S;T	None	A	T	G
1052899	C	T	tbprofiler	4.4	Euro-American	S;T	None	T	T	C
1053308	C	T	tbprofiler	4.2.2.1	Euro-American	LAM7-TUR	None	T	C	C
1055672	C	A	tbprofiler	4.3.2.1	Euro-American(LAM)	LAM3	RD761	A	G	C
1060878	C	T	tbprofiler	1.1.3.1	Indo-Oceanic	NA	RD239	T	G	C
1064934	C	G	tbprofiler	5.1.4	West-Africa1	AFRI_2;AFRI_3	RD711	G	G	C
1069146	C	T	tbprofiler	6	West-Africa2	AFRI_1	RD702	T	G	C
1069305	G	C	tbprofiler	M.caprae	M.caprae	None	None	C	T	G
1072628	G	A	tbprofiler	1.2.2	Indo-Oceanic	EAI1	RD239	A	C	G
1074929	G	C	tbprofiler	4.9.1	Euro-American(H37Rv-like)	T1	None	C	C	G
1082445	T	A	tbprofiler	4.8	Euro-American(mainlyT)	T1;T2;T3;T5	RD219	A	T	T
1082983	G	A	tbprofiler	4.1.2.1.1	Euro-American(Haarlem)	T1;H1	RD182	A	G	G
1083082	G	T	tbprofiler	4.3.1.1	Euro-American(LAM)	LAM9	None	T	C	G
1098698	C	G	tbprofiler	4.6.1.2	Euro-American	T2	RD724	G	G	C
1099212	C	T	tbprofiler	1.2.1	Indo-Oceanic	EAI2	RD239	T	T	C
1102468	C	A	tbprofiler	2	East-Asian	Beijing	RD105	A	G	C
1106649	T	C	tbprofiler	4.3.4.1	Euro-American(LAM)	LAM1;LAM2	RD174	C	G	T
1107320	G	A	tbprofiler	5.3	West-Africa1	AFRI_2;AFRI_3	RD711	A	G	G
1109535	G	A	tbprofiler	4.1.1.2	Euro-American(X-type)	X1	None	A	A	G
1111469	C	T	tbprofiler	1.1.1.1	Indo-Oceanic	EAI4;ZERO	RD239	T	T	C
1111925	A	G	tbprofiler	4.1.2	Euro-American	T;H	None	G	T	A
1115796	C	A	tbprofiler	4.2.1.1	Euro-American(TUR)	H3;H4	None	A	C	C
1120159	G	A	tbprofiler	6.2.2	West-Africa2	AFRI_1	RD702	A	A	G
1125468	C	T	tbprofiler	M.orygis	M.orygis	None	None	T	G	C
1125894	A	C	tbprofiler	7	7	None	None	C	C	A
1126895	G	A	tbprofiler	4.4.1.1.1	Euro-American	S;Orphans	None	A	A	G
1129158	T	G	tbprofiler	4.8.3	Euro-American(mainlyT)	T1;T2;T3;T5	RD219	G	C	T
1130526	G	A	tbprofiler	4.8	Euro-American(mainlyT)	T1;T2;T3;T5	RD219	A	C	G
1132368	C	T	tbprofiler	4.3.4.2	Euro-American(LAM)	LAM1;LAM4;LAM11	RD174	T	C	C
1132437	C	T	tbprofiler	4.8.1	Euro-American(mainlyT)	T1;T2;T3;T5	RD219	T	G	C
1134959	G	C	tbprofiler	6.1.3	West-Africa2	AFRI_1	RD702	C	G	G
1135798	C	T	tbprofiler	2.1	East-Asian(non-Beijing)	None	None	T	T	C
1136017	A	G	tbprofiler	1.2.1	Indo-Oceanic	EAI2	RD239	G	G	A
1137518	G	A	tbprofiler	7	7	None	None	A	C	G
1142266	A	C	tbprofiler	4.3	Euro-American(LAM)	mainly-LAM	None	C	T	A
1144221	G	A	tbprofiler	1.1.3	Indo-Oceanic	EAI6	RD239	A	G	G
1147708	G	A	tbprofiler	4.6.5	Euro-American	T;LAM	None	A	A	G
1149128	C	T	tbprofiler	M.bovis	M.bovis	BOV_1;BOV_9	None	T	C	C
1153214	G	A	tbprofiler	5.3	West-Africa1	AFRI_2;AFRI_3	RD711	A	T	G
1153676	C	G	tbprofiler	4.1.2	Euro-American	T;H	None	G	T	C
1154368	A	C	tbprofiler	4.8.3	Euro-American(mainlyT)	T1;T2;T3;T5	RD219	C	C	A
1155868	C	T	tbprofiler	4.8.1	Euro-American(mainlyT)	T1;T2;T3;T5	RD219	T	A	C
1169028	G	A	tbprofiler	4.3.1	Euro-American(LAM)	LAM9	None	A	T	G
1172079	A	G	tbprofiler	4.3.1	Euro-American(LAM)	LAM9	None	G	G	A
1184798	C	T	tbprofiler	1.1.3	Indo-Oceanic	EAI6	RD239	T	G	C
1193668	G	A	tbprofiler	1.1.3.3	Indo-Oceanic	NA	RD239	A	C	G
1204546	A	G	tbprofiler	4.8.2	Euro-American(mainlyT)	T1;T2;T3;T5	RD219	G	T	A
1208652	G	A	tbprofiler	4.4.1	Euro-American(S-type)	S;T	None	A	T	G
1221279	C	T	tbprofiler	6.3	West-Africa2	AFRI_1	RD702	T	C	C
1221479	C	T	tbprofiler	4.4.1.1.1	Euro-American	S;Orphans	None	T	T	C
1227217	C	T	tbprofiler	4.8	Euro-American(mainlyT)	T1;T2;T3;T5	RD219	T	G	C
1227518	G	A	tbprofiler	8	8	None	None	A	T	G
1228067	G	A	tbprofiler	1.2.2.2	Indo-Oceanic	NA	RD239	A	C	G
1229123	C	G	tbprofiler	6.3.3	West-Africa2	AFRI_1	RD702	G	C	C
1229180	G	A	tbprofiler	3.1.2.2	East-African-Indian	CAS	RD750	A	C	G
1232496	T	C	tbprofiler	4.3.2.1	Euro-American(LAM)	LAM3	RD761	C	A	T
1233285	G	A	tbprofiler	4.2.2.2	Euro-American(Ural)	T;LAM7-TUR	None	A	C	G
1233417	C	G	tbprofiler	4.1.1.3.1	Euro-American(X-type)	X1;X3	RD193	G	A	C
1234999	G	A	tbprofiler	4.4.1.1.1	Euro-American	S;Orphans	None	A	C	G
1236745	G	C	tbprofiler	M.orygis	M.orygis	None	None	C	C	G
1237818	C	G	tbprofiler	3.1.2.1	East-African-Indian	CAS2	RD750	G	C	C
1239078	C	A	tbprofiler	4.3.4.2.1	Euro-American(LAM)	LAM11	RD174	A	A	C
1244259	A	C	tbprofiler	3.1.3	East-African-Indian	CAS	RD750	C	G	A
1245275	C	T	tbprofiler	1.2.2.1	Indo-Oceanic	NA	RD239	T	C	C
1249771	G	A	tbprofiler	1.1.3.1	Indo-Oceanic	NA	RD239	A	T	G
1250340	G	A	tbprofiler	4	Euro-American	LAM;T;S;X;H	None	A	C	A
1251955	C	T	tbprofiler	4.3.4.1	Euro-American(LAM)	LAM1;LAM2	RD174	T	G	C
1256806	C	T	tbprofiler	4.1.1	Euro-American(X-type)	X1;X2;X3	None	T	A	C
1261056	C	T	tbprofiler	1.1.1	Indo-Oceanic	EAI4;EAI5	RD239	T	G	C
1267406	C	T	tbprofiler	6.1.1	West-Africa2	AFRI_1	RD702	T	C	C
1273071	T	C	tbprofiler	4.8	Euro-American(mainlyT)	T1;T2;T3;T5	RD219	C	A	T
1274335	G	A	tbprofiler	4.3.4.1	Euro-American(LAM)	LAM1;LAM2	RD174	A	T	G
1286666	G	A	tbprofiler	4.1.1.2	Euro-American(X-type)	X1	None	A	G	G
1288698	G	A	tbprofiler	2.2	East-Asian(Beijing)	Beijing-RD207	RD105;RD207	A	G	G
1289555	C	G	tbprofiler	4.6.2	Euro-American	T;LAM	RD726	G	A	C
1293121	C	T	tbprofiler	1.1.3	Indo-Oceanic	EAI6	RD239	T	A	C
1297084	G	A	tbprofiler	7	7	None	None	A	T	G
1297327	G	A	tbprofiler	4.3.4	Euro-American(LAM)	LAM	RD174	A	T	G
1297981	G	C	tbprofiler	4.4.1.2	Euro-American	T1	None	C	T	G
1301571	C	T	tbprofiler	5.1.3	West-Africa1	AFRI_2;AFRI_3	RD711	T	C	C
1311086	A	G	tbprofiler	4.3.1	Euro-American(LAM)	LAM9	None	G	G	A
1311443	C	T	tbprofiler	5.1.4	West-Africa1	AFRI_2;AFRI_3	RD711	T	C	C
1315746	G	A	tbprofiler	1.2.1	Indo-Oceanic	EAI2	RD239	A	T	G
1317655	C	T	tbprofiler	2	East-Asian	Beijing	RD105	T	G	C
1317796	C	T	tbprofiler	5.1.2	West-Africa1	AFRI_2;AFRI_3	RD711	T	A	C
1321210	C	T	tbprofiler	4.4.1.1	Euro-American	S;Orphans	None	T	G	C
1331187	G	C	tbprofiler	4.6.5	Euro-American	T;LAM	None	C	C	G
1334260	C	A	tbprofiler	4.3.2.1	Euro-American(LAM)	LAM3	RD761	A	G	C
1335913	C	G	tbprofiler	4.4.1.1.1	Euro-American	S;Orphans	None	G	C	C
1344807	G	A	tbprofiler	M.orygis	M.orygis	None	None	A	A	G
1345104	G	A	tbprofiler	1.1.3.1	Indo-Oceanic	NA	RD239	A	C	G
1352350	C	T	tbprofiler	4.6.2.2	Euro-American(Cameroon)	LAM10-CAM	RD726	T	T	C
1353773	C	G	tbprofiler	1.1.3.1	Indo-Oceanic	NA	RD239	G	C	C
1358197	C	T	tbprofiler	4.6.5	Euro-American	T;LAM	None	T	A	C
1361220	C	T	tbprofiler	3.1.3	East-African-Indian	CAS	RD750	T	C	C
1363194	G	A	tbprofiler	1.2.1	Indo-Oceanic	EAI2	RD239	A	A	G
1363986	C	T	tbprofiler	4.3.1.1	Euro-American(LAM)	LAM9	None	T	G	C
1364434	C	T	tbprofiler	4.3.4.1	Euro-American(LAM)	LAM1;LAM2	RD174	T	C	C
1365430	G	C	tbprofiler	1.2.2	Indo-Oceanic	EAI1	RD239	C	C	G
1365895	G	A	tbprofiler	7	7	None	None	A	C	G
1369927	C	T	tbprofiler	1.1.1.1	Indo-Oceanic	EAI4;ZERO	RD239	T	C	C
1372002	C	T	tbprofiler	6	West-Africa2	AFRI_1	RD702	T	C	C
1378725	T	C	tbprofiler	3.1.1	East-African-Indian	CAS1-Kili	RD750	C	T	T
1391868	G	A	tbprofiler	4.6.1.2	Euro-American	T2	RD724	A	T	G
1396922	C	T	tbprofiler	4.9	Euro-American(H37Rv-like)	T1	None	T	A	T
1405848	C	T	tbprofiler	3.1.3	East-African-Indian	CAS	RD750	T	C	C
1406312	A	G	tbprofiler	1.2.1.2.1	Indo-Oceanic	NA	RD239	G	G	A
1421109	A	G	tbprofiler	4.3.1	Euro-American(LAM)	LAM9	None	G	C	A
1434319	A	T	tbprofiler	5.1.3	West-Africa1	AFRI_2;AFRI_3	RD711	T	G	A
1435763	C	T	tbprofiler	4.5	Euro-American	H;T	RD122	T	G	C
1436230	A	G	tbprofiler	6.1.3	West-Africa2	AFRI_1	RD702	G	T	A
1436782	G	A	tbprofiler	3.1.3	East-African-Indian	CAS	RD750	A	C	G
1439332	C	T	tbprofiler	4.6.1.1	Euro-American	T2-Uganda	RD724	T	T	C
1442109	C	T	tbprofiler	4.6.4	Euro-American	T;LAM	None	T	T	C
1444655	C	T	tbprofiler	4.8.2	Euro-American(mainlyT)	T1;T2;T3;T5	RD219	T	G	C
1449011	G	A	tbprofiler	6.2.2	West-Africa2	AFRI_1	RD702	A	C	G
1449038	C	T	tbprofiler	M.orygis	M.orygis	None	None	T	G	C
1450316	C	T	tbprofiler	3	East-African-Indian	CAS	RD750	T	C	C
1450463	C	T	tbprofiler	6.1.1	West-Africa2	AFRI_1	RD702	T	A	C
1451542	C	T	tbprofiler	4.3.2.1	Euro-American(LAM)	LAM3	RD761	T	C	C
1452071	C	A	tbprofiler	4.3	Euro-American(LAM)	mainly-LAM	None	A	G	C
1454192	A	G	tbprofiler	6.2.1	West-Africa2	AFRI_1	RD702	G	G	A
1455780	T	C	tbprofiler	4.2.2.1	Euro-American	LAM7-TUR	None	C	G	T
1459257	C	T	tbprofiler	6.2.2	West-Africa2	AFRI_1	RD702	T	G	C
1463776	C	T	tbprofiler	7	7	None	None	T	T	C
1466779	C	T	tbprofiler	4.2	Euro-American	H;T;LAM	None	T	T	C
1467753	G	A	tbprofiler	4.6.2	Euro-American	T;LAM	RD726	A	T	G
1478222	C	G	tbprofiler	1.2.1	Indo-Oceanic	EAI2	RD239	G	G	C
1487796	C	A	tbprofiler	4.2.2	Euro-American(Ural)	T;LAM7-TUR	None	A	T	C
1491275	G	A	tbprofiler	1.1.3	Indo-Oceanic	EAI6	RD239	A	A	G
1492049	C	T	tbprofiler	1.2.2.2	Indo-Oceanic	NA	RD239	T	G	C
1492961	G	A	tbprofiler	5.1.4	West-Africa1	AFRI_2;AFRI_3	RD711	A	A	G
1494231	G	A	tbprofiler	4.4.1.2	Euro-American	T1	None	A	C	G
1498304	A	C	tbprofiler	4.6.5	Euro-American	T;LAM	None	C	G	A
1501715	C	T	tbprofiler	5.1	West-Africa1	AFRI_2;AFRI_3	RD711	T	C	C
1501742	C	A	tbprofiler	5.1	West-Africa1	AFRI_2;AFRI_3	RD711	A	G	C
1505806	C	T	tbprofiler	5	West-Africa1	AFRI_2;AFRI_3	RD711	T	C	C
1511460	C	T	tbprofiler	2.2.2	East-Asian(Beijing)	Beijing-RD105/RD207	RD105;RD207	T	C	C
1523575	A	G	tbprofiler	3.1.1	East-African-Indian	CAS1-Kili	RD750	G	G	A
1526100	A	G	tbprofiler	1.1.1.1	Indo-Oceanic	EAI4;ZERO	RD239	G	G	A
1526839	G	A	tbprofiler	4.2.1.1	Euro-American(TUR)	H3;H4	None	A	T	G
1534538	C	T	tbprofiler	4.6.2	Euro-American	T;LAM	RD726	T	G	C
1539299	C	T	tbprofiler	6.3.3	West-Africa2	AFRI_1	RD702	T	A	C
1541214	T	C	tbprofiler	4.3.1	Euro-American(LAM)	LAM9	None	C	G	T
1543874	G	T	tbprofiler	5.1.2	West-Africa1	AFRI_2;AFRI_3	RD711	T	C	G
1547498	G	A	tbprofiler	4.8.1	Euro-American(mainlyT)	T1;T2;T3;T5	RD219	A	T	G
1551194	C	A	tbprofiler	6.2.3	West-Africa2	AFRI_1	RD702	A	G	C
1553855	C	T	tbprofiler	1.2.1	Indo-Oceanic	EAI2	RD239	T	C	C
1553876	C	G	tbprofiler	4.6.5	Euro-American	T;LAM	None	G	C	C
1555342	C	T	tbprofiler	M.orygis	M.orygis	None	None	T	C	C
1555432	C	T	tbprofiler	5	West-Africa1	AFRI_2;AFRI_3	RD711	T	C	C
1556018	C	T	tbprofiler	5.1.5	West-Africa1	AFRI_2;AFRI_3	RD711	T	G	C
1556430	T	G	tbprofiler	3.1.1	East-African-Indian	CAS1-Kili	RD750	G	G	T
1560777	G	A	tbprofiler	5.1.3	West-Africa1	AFRI_2;AFRI_3	RD711	A	T	G
1560912	G	A	tbprofiler	1	Indo-Oceanic	EAI	RD239	A	A	G
1561245	C	T	tbprofiler	7	7	None	None	T	C	C
1564799	C	T	tbprofiler	4.1.3	Euro-American	T;X;H	None	T	C	C
1565566	C	T	tbprofiler	2.2.2	East-Asian(Beijing)	Beijing-RD105/RD207	RD105;RD207	T	C	C
1567985	A	G	tbprofiler	1.2.1.2	Indo-Oceanic	NA	RD239	G	A	A
1568018	C	T	tbprofiler	4.2	Euro-American	H;T;LAM	None	T	A	C
1577241	G	A	tbprofiler	2	East-Asian	Beijing	RD105	A	C	G
1577846	G	A	tbprofiler	6.2	West-Africa2	AFRI_1	RD702	A	C	G
1578212	A	C	tbprofiler	5	West-Africa1	AFRI_2;AFRI_3	RD711	C	C	A
1581704	G	C	tbprofiler	4.6.5	Euro-American	T;LAM	None	C	G	G
1588746	C	T	tbprofiler	6.3.2	West-Africa2	AFRI_1	RD702	T	C	C
1588887	T	C	tbprofiler	4.6.2.1	Euro-American	T3	RD726	C	G	T
1590555	C	T	tbprofiler	1	Indo-Oceanic	EAI	RD239	T	C	C
1591545	G	T	tbprofiler	3.1.1	East-African-Indian	CAS1-Kili	RD750	T	C	G
1592015	C	T	tbprofiler	4.3.2.1	Euro-American(LAM)	LAM3	RD761	T	G	C
1594848	G	A	tbprofiler	4.8.1	Euro-American(mainlyT)	T1;T2;T3;T5	RD219	A	C	G
1597405	G	A	tbprofiler	4.6.1	Euro-American(Uganda)	T2	RD724	A	C	G
1597696	G	A	tbprofiler	4.6.1.1	Euro-American	T2-Uganda	RD724	A	A	G
1599076	C	T	tbprofiler	5.1.2	West-Africa1	AFRI_2;AFRI_3	RD711	T	G	C
1599996	C	T	tbprofiler	1.1.3.1	Indo-Oceanic	NA	RD239	T	C	C
1601416	C	T	tbprofiler	6.3.3	West-Africa2	AFRI_1	RD702	T	T	C
1619841	G	A	tbprofiler	1.2.2.2	Indo-Oceanic	NA	RD239	A	T	G
1620582	T	C	tbprofiler	4.3.1.1	Euro-American(LAM)	LAM9	None	C	A	T
1623789	C	T	tbprofiler	1.2.1.2.1	Indo-Oceanic	NA	RD239	T	C	C
1625769	G	A	tbprofiler	4.6.2.1	Euro-American	T3	RD726	A	C	G
1626590	G	A	tbprofiler	6.2	West-Africa2	AFRI_1	RD702	A	A	G
1639226	C	T	tbprofiler	3.1.1	East-African-Indian	CAS1-Kili	RD750	T	T	C
1645599	C	T	tbprofiler	4.5	Euro-American	H;T	RD122	T	G	C
1645620	G	A	tbprofiler	6.3.2	West-Africa2	AFRI_1	RD702	A	G	G
1647807	T	C	tbprofiler	4.3.1.1	Euro-American(LAM)	LAM9	None	C	T	T
1649265	G	A	tbprofiler	5	West-Africa1	AFRI_2;AFRI_3	RD711	A	T	G
1651063	C	G	tbprofiler	1.2.2.1	Indo-Oceanic	NA	RD239	G	G	C
1652216	A	G	tbprofiler	4.2.1.1	Euro-American(TUR)	H3;H4	None	G	A	A
1659666	G	A	tbprofiler	4.6.4	Euro-American	T;LAM	None	A	T	G
1660440	G	A	tbprofiler	4.2.1.1	Euro-American(TUR)	H3;H4	None	A	G	G
1667070	G	A	tbprofiler	6.3.3	West-Africa2	AFRI_1	RD702	A	T	G
1670814	C	T	tbprofiler	4.2	Euro-American	H;T;LAM	None	T	G	C
1672808	G	A	tbprofiler	1.2.2.2	Indo-Oceanic	NA	RD239	A	C	G
1692069	A	G	tbprofiler	2.2.1.2	East-Asian(Beijing)	Beijing-RD142	RD105;RD207;RD181;RD142	G	C	A
1692640	C	T	tbprofiler	5.1.1	West-Africa1	AFRI_2;AFRI_3	RD711	T	T	C
1695037	G	A	tbprofiler	2.2	East-Asian(Beijing)	Beijing-RD207	RD105;RD207	A	T	G
1695791	G	T	tbprofiler	5.1.1	West-Africa1	AFRI_2;AFRI_3	RD711	T	C	G
1697460	C	T	tbprofiler	1.1.3	Indo-Oceanic	EAI6	RD239	T	G	C
1701477	C	G	tbprofiler	4.1.2.1.1	Euro-American(Haarlem)	T1;H1	RD182	G	C	C
1715828	G	C	tbprofiler	4.3.1	Euro-American(LAM)	LAM9	None	C	T	G
1724120	G	A	tbprofiler	4.3.4.2	Euro-American(LAM)	LAM1;LAM4;LAM11	RD174	A	G	G
1726541	G	A	tbprofiler	4.6.1.2	Euro-American	T2	RD724	A	C	G
1733618	C	T	tbprofiler	5.1	West-Africa1	AFRI_2;AFRI_3	RD711	T	C	C
1740535	G	A	tbprofiler	4.3.4.2.1	Euro-American(LAM)	LAM11	RD174	A	G	G
1741100	G	A	tbprofiler	5.1.3	West-Africa1	AFRI_2;AFRI_3	RD711	A	C	G
1750465	T	C	tbprofiler	1.1.1.1	Indo-Oceanic	EAI4;ZERO	RD239	C	T	T
1759252	T	G	tbprofiler	4.9	Euro-American(H37Rv-like)	T1	None	G	C	G
1764225	C	T	tbprofiler	3	East-African-Indian	CAS	RD750	T	C	C
1764808	C	T	tbprofiler	4.8.2	Euro-American(mainlyT)	T1;T2;T3;T5	RD219	T	C	C
1771320	G	A	tbprofiler	4.3.4.2	Euro-American(LAM)	LAM1;LAM4;LAM11	RD174	A	G	G
1775674	C	T	tbprofiler	6.2	West-Africa2	AFRI_1	RD702	T	G	C
1778557	C	T	tbprofiler	4.3.2	Euro-American(LAM)	LAM3	None	T	G	C
1798561	C	T	tbprofiler	4.6.4	Euro-American	T;LAM	None	T	G	C
1799178	G	A	tbprofiler	1.1.3.3	Indo-Oceanic	NA	RD239	A	T	G
1799921	C	A	tbprofiler	5	West-Africa1	AFRI_2;AFRI_3	RD711	A	G	C
1803959	G	T	tbprofiler	4.4.1.2	Euro-American	T1	None	T	G	G
1808124	A	C	tbprofiler	4.4.1.2	Euro-American	T1	None	C	C	A
1811964	C	A	tbprofiler	6	West-Africa2	AFRI_1	RD702	A	C	C
1819031	G	C	tbprofiler	5.1.4	West-Africa1	AFRI_2;AFRI_3	RD711	C	A	G
1821774	C	T	tbprofiler	1.2.2.1	Indo-Oceanic	NA	RD239	T	C	C
1841961	G	A	tbprofiler	6.3.2	West-Africa2	AFRI_1	RD702	A	T	G
1842237	A	G	tbprofiler	6.3.2	West-Africa2	AFRI_1	RD702	G	C	A
1846092	C	T	tbprofiler	5.1	West-Africa1	AFRI_2;AFRI_3	RD711	T	A	C
1847811	A	C	tbprofiler	4.3.4	Euro-American(LAM)	LAM	RD174	C	G	A
1849051	C	T	tbprofiler	2.2	East-Asian(Beijing)	Beijing-RD207	RD105;RD207	T	C	C
1850119	C	T	tbprofiler	4.1.1.1	Euro-American(X-type)	X2	RD183	T	C	C
1853674	G	A	tbprofiler	4.4.1.1.1	Euro-American	S;Orphans	None	A	G	G
1862121	C	T	tbprofiler	3.1.2.2	East-African-Indian	CAS	RD750	T	A	C
1867707	C	T	tbprofiler	6	West-Africa2	AFRI_1	RD702	T	C	C
1870173	G	A	tbprofiler	6.3	West-Africa2	AFRI_1	RD702	A	T	G
1872211	G	A	tbprofiler	4.2	Euro-American	H;T;LAM	None	A	C	G
1875207	C	T	tbprofiler	4.1	Euro-American	T;X;H	None	T	G	C
1877862	G	T	tbprofiler	4.1.2.1.1	Euro-American(Haarlem)	T1;H1	RD182	T	C	G
1879701	A	C	tbprofiler	5.1.2	West-Africa1	AFRI_2;AFRI_3	RD711	C	T	A
1880850	G	A	tbprofiler	4.2.2.2	Euro-American(Ural)	T;LAM7-TUR	None	A	T	G
1882573	C	G	tbprofiler	4.9.1	Euro-American(H37Rv-like)	T1	None	G	C	C
1882817	T	A	tbprofiler	6.1	West-Africa2	AFRI_1	RD702	A	A	T
1885495	G	A	tbprofiler	1.2.2.1	Indo-Oceanic	NA	RD239	A	T	G
1891256	T	G	tbprofiler	5.1.1	West-Africa1	AFRI_2;AFRI_3	RD711	G	G	T
1891388	C	G	tbprofiler	2.2.1.1	East-Asian(Beijing)	Beijing-RD150	RD105;RD207;RD181;RD150	G	G	C
1897938	G	A	tbprofiler	1.2.1.2.1	Indo-Oceanic	NA	RD239	A	C	G
1901924	T	C	tbprofiler	4.5	Euro-American	H;T	RD122	C	T	T
1903050	C	T	tbprofiler	1.2.1.2.1	Indo-Oceanic	NA	RD239	T	A	C
1903547	C	T	tbprofiler	5.1.3	West-Africa1	AFRI_2;AFRI_3	RD711	T	C	C
1906078	A	G	tbprofiler	2.2.1	East-Asian(Beijing)	Beijing-RD181	RD105;RD207;RD181	G	C	A
1907296	C	G	tbprofiler	4.9	Euro-American(H37Rv-like)	T1	None	G	C	G
1908787	G	A	tbprofiler	6.2.3	West-Africa2	AFRI_1	RD702	A	G	G
1912268	T	C	tbprofiler	5.1.1	West-Africa1	AFRI_2;AFRI_3	RD711	C	C	T
1914217	C	A	tbprofiler	3.1.2	East-African-Indian	CAS;CAS2	RD750	A	C	C
1919627	G	A	tbprofiler	3.1.3	East-African-Indian	CAS	RD750	A	T	G
1919736	T	G	tbprofiler	4.2.2.1	Euro-American	LAM7-TUR	None	G	C	T
1924765	T	C	tbprofiler	1.1.1	Indo-Oceanic	EAI4;EAI5	RD239	C	A	T
1925136	G	A	tbprofiler	3	East-African-Indian	CAS	RD750	A	T	G
1931219	G	A	tbprofiler	4.1.2.1	Euro-American(Haarlem)	T1;H1	RD182	A	A	G
1940611	G	C	tbprofiler	4.9.1	Euro-American(H37Rv-like)	T1	None	C	C	G
1947282	A	G	tbprofiler	2.2.1.1	East-Asian(Beijing)	Beijing-RD150	RD105;RD207;RD181;RD150	G	G	A
1952601	C	T	tbprofiler	4.1.1	Euro-American(X-type)	X1;X2;X3	None	T	A	C
1965133	C	T	tbprofiler	4.4.2	Euro-American	T1;T2	None	T	G	C
1976014	C	T	tbprofiler	1.1.3.3	Indo-Oceanic	NA	RD239	T	A	C
1980652	G	T	tbprofiler	2	East-Asian	Beijing	RD105	T	C	G
1980871	G	C	tbprofiler	4.5	Euro-American	H;T	RD122	C	C	G
1985573	C	A	tbprofiler	4.2.2.1	Euro-American	LAM7-TUR	None	A	T	C
2016286	C	A	tbprofiler	1.1.3.3	Indo-Oceanic	NA	RD239	A	C	C
2020120	C	T	tbprofiler	3.1.2.1	East-African-Indian	CAS2	RD750	T	C	C
2020144	G	A	tbprofiler	4.1	Euro-American	T;X;H	None	A	A	G
2022126	G	C	tbprofiler	4.4.1.1	Euro-American	S;Orphans	None	C	G	G
2022868	C	T	tbprofiler	4.9	Euro-American(H37Rv-like)	T1	None	T	G	T
2024413	C	T	tbprofiler	6.3.1	West-Africa2	AFRI_1	RD702	T	G	C
2033748	G	C	tbprofiler	4.6.1	Euro-American(Uganda)	T2	RD724	C	G	G
2033890	G	T	tbprofiler	4.4.1	Euro-American(S-type)	S;T	None	T	G	G
2053682	C	T	tbprofiler	4.3	Euro-American(LAM)	mainly-LAM	None	T	T	C
2054805	G	A	tbprofiler	4.1.1.3	Euro-American(X-type)	X1;X3	RD193	A	G	G
2058447	G	A	tbprofiler	4.6.1.2	Euro-American	T2	RD724	A	T	G
2063106	C	T	tbprofiler	1.1.1	Indo-Oceanic	EAI4;EAI5	RD239	T	C	C
2066474	T	C	tbprofiler	1.1.3.3	Indo-Oceanic	NA	RD239	C	G	T
2066633	C	G	tbprofiler	4.1.2	Euro-American	T;H	None	G	G	C
2073605	G	C	tbprofiler	4.8.2	Euro-American(mainlyT)	T1;T2;T3;T5	RD219	C	T	G
2077253	G	A	tbprofiler	4.3.3	Euro-American(LAM)	LAM;T	RD115	A	C	G
2078024	G	A	tbprofiler	1.1.1	Indo-Oceanic	EAI4;EAI5	RD239	A	C	G
2078246	C	G	tbprofiler	2.2.1	East-Asian(Beijing)	Beijing-RD181	RD105;RD207;RD181	G	G	C
2080941	G	A	tbprofiler	4.1.1.1	Euro-American(X-type)	X2	RD183	A	G	G
2083683	C	T	tbprofiler	5.2	West-Africa1	AFRI_2;AFRI_3	RD711	T	A	C
2091597	C	T	tbprofiler	5.2	West-Africa1	AFRI_2;AFRI_3	RD711	T	C	C
2093998	C	T	tbprofiler	4.5	Euro-American	H;T	RD122	T	T	C
2105065	C	T	tbprofiler	4.6.2.1	Euro-American	T3	RD726	T	C	C
2108386	G	T	tbprofiler	5.2	West-Africa1	AFRI_2;AFRI_3	RD711	T	T	G
2112832	A	C	tbprofiler	2.2	East-Asian(Beijing)	Beijing-RD207	RD105;RD207	C	T	A
2116663	C	T	tbprofiler	4.3.1.1	Euro-American(LAM)	LAM9	None	T	C	C
2153246	T	G	tbprofiler	4.2.2.2	Euro-American(Ural)	T;LAM7-TUR	None	G	C	T
2156847	G	A	tbprofiler	4.2.2.2	Euro-American(Ural)	T;LAM7-TUR	None	A	C	G
2158582	G	A	tbprofiler	4.1.1	Euro-American(X-type)	X1;X2;X3	None	A	T	G
2173058	C	A	tbprofiler	5.1.5	West-Africa1	AFRI_2;AFRI_3	RD711	A	A	C
2184781	G	T	tbprofiler	4.6.1	Euro-American(Uganda)	T2	RD724	T	C	G
2185538	G	A	tbprofiler	3.1.2.1	East-African-Indian	CAS2	RD750	A	A	G
2191657	G	T	tbprofiler	4.4.2	Euro-American	T1;T2	None	T	C	G
2198182	C	T	tbprofiler	6.3.1	West-Africa2	AFRI_1	RD702	T	G	C
2199684	G	A	tbprofiler	4.3.4.1	Euro-American(LAM)	LAM1;LAM2	RD174	A	G	G
2202500	C	T	tbprofiler	2.2	East-Asian(Beijing)	Beijing-RD207	RD105;RD207	T	A	C
2208143	T	C	tbprofiler	4.1.1.3.1	Euro-American(X-type)	X1;X3	RD193	C	C	T
2212762	C	T	tbprofiler	4.8	Euro-American(mainlyT)	T1;T2;T3;T5	RD219	T	G	C
2215712	G	A	tbprofiler	1.2.1.2.1	Indo-Oceanic	NA	RD239	A	T	G
2225515	G	A	tbprofiler	4.6.2.1	Euro-American	T3	RD726	A	C	G
2239384	G	A	tbprofiler	6.3.3	West-Africa2	AFRI_1	RD702	A	T	G
2240716	G	A	tbprofiler	5.2	West-Africa1	AFRI_2;AFRI_3	RD711	A	C	G
2244770	G	A	tbprofiler	4.1.2.1	Euro-American(Haarlem)	T1;H1	RD182	A	C	G
2245075	C	T	tbprofiler	4.4.2	Euro-American	T1;T2	None	T	T	C
2245499	C	T	tbprofiler	3.1.2.1	East-African-Indian	CAS2	RD750	T	C	C
2248163	T	C	tbprofiler	6.3.3	West-Africa2	AFRI_1	RD702	C	C	T
2249403	C	T	tbprofiler	4.3.2	Euro-American(LAM)	LAM3	None	T	C	C
2253453	T	C	tbprofiler	4.1	Euro-American	T;X;H	None	C	G	T
2259579	T	G	tbprofiler	2.2.1.2	East-Asian(Beijing)	Beijing-RD142	RD105;RD207;RD181;RD142	G	C	T
2271143	G	A	tbprofiler	3.1.2.1	East-African-Indian	CAS2	RD750	A	C	G
2271443	A	G	tbprofiler	5.1.2	West-Africa1	AFRI_2;AFRI_3	RD711	G	T	A
2273627	C	T	tbprofiler	4.6.1	Euro-American(Uganda)	T2	RD724	T	C	C
2311357	G	A	tbprofiler	1.1.1.1	Indo-Oceanic	EAI4;ZERO	RD239	A	T	G
2315590	C	T	tbprofiler	5.1.2	West-Africa1	AFRI_2;AFRI_3	RD711	T	A	C
2326192	C	T	tbprofiler	1.1.1.1	Indo-Oceanic	EAI4;ZERO	RD239	T	G	C
2331061	G	T	tbprofiler	4.6.1.1	Euro-American	T2-Uganda	RD724	T	T	G
2356012	G	A	tbprofiler	4.4	Euro-American	S;T	None	A	T	G
2358916	C	T	tbprofiler	4.4	Euro-American	S;T	None	T	C	C
2369118	G	A	tbprofiler	4.6.2.2	Euro-American(Cameroon)	LAM10-CAM	RD726	A	C	G
2369187	C	T	tbprofiler	1.1.3.2	Indo-Oceanic	NA	RD239	T	G	C
2369460	G	A	tbprofiler	1.1.3.2	Indo-Oceanic	NA	RD239	A	G	G
2369971	A	G	tbprofiler	4.6	Euro-American	T;LAM	None	G	T	A
2377785	C	T	tbprofiler	4.6.1.1	Euro-American	T2-Uganda	RD724	T	G	C
2378813	A	G	tbprofiler	4.7	Euro-American(mainlyT)	T1;T5	None	G	T	A
2382645	G	A	tbprofiler	5.1	West-Africa1	AFRI_2;AFRI_3	RD711	A	C	G
2408442	G	A	tbprofiler	6.1.2	West-Africa2	AFRI_1	RD702	A	G	G
2410938	A	T	tbprofiler	4.4.1.2	Euro-American	T1	None	T	C	A
2412584	G	A	tbprofiler	1.1.1.1	Indo-Oceanic	EAI4;ZERO	RD239	A	C	G
2415042	G	T	tbprofiler	3.1.2.2	East-African-Indian	CAS	RD750	T	C	G
2416149	T	G	tbprofiler	5.2	West-Africa1	AFRI_2;AFRI_3	RD711	G	G	T
2417281	G	A	tbprofiler	4.8.2	Euro-American(mainlyT)	T1;T2;T3;T5	RD219	A	G	G
2418554	G	A	tbprofiler	1.1.3.2	Indo-Oceanic	NA	RD239	A	A	G
2420503	A	G	tbprofiler	4.2.2	Euro-American(Ural)	T;LAM7-TUR	None	G	A	A
2428823	C	T	tbprofiler	5.1.5	West-Africa1	AFRI_2;AFRI_3	RD711	T	T	C
2440953	G	T	tbprofiler	4.6.1	Euro-American(Uganda)	T2	RD724	T	C	G
2443188	G	A	tbprofiler	4.3.4.2	Euro-American(LAM)	LAM1;LAM4;LAM11	RD174	A	C	G
2450245	G	A	tbprofiler	4.1.3	Euro-American	T;X;H	None	A	C	G
2454856	C	T	tbprofiler	4.1.1.3	Euro-American(X-type)	X1;X3	RD193	T	G	C
2467098	A	C	tbprofiler	3.1.1	East-African-Indian	CAS1-Kili	RD750	C	A	A
2470627	G	A	tbprofiler	4.3.2.1	Euro-American(LAM)	LAM3	RD761	A	A	G
2470934	C	A	tbprofiler	1.1.1.1	Indo-Oceanic	EAI4;ZERO	RD239	A	C	C
2473699	C	T	tbprofiler	4.1.2.1	Euro-American(Haarlem)	T1;H1	RD182	T	A	C
2478058	G	T	tbprofiler	5.1.3	West-Africa1	AFRI_2;AFRI_3	RD711	T	C	G
2482888	G	A	tbprofiler	4.2.2	Euro-American(Ural)	T;LAM7-TUR	None	A	C	G
2485234	C	T	tbprofiler	6.1.3	West-Africa2	AFRI_1	RD702	T	T	C
2485956	G	A	tbprofiler	5	West-Africa1	AFRI_2;AFRI_3	RD711	A	A	G
2486342	C	T	tbprofiler	1.2.1.2.1	Indo-Oceanic	NA	RD239	T	T	C
2488724	C	G	tbprofiler	4.1.2.1.1	Euro-American(Haarlem)	T1;H1	RD182	G	C	C
2494263	G	A	tbprofiler	4.6.1.2	Euro-American	T2	RD724	A	T	G
2503625	C	T	tbprofiler	4.3	Euro-American(LAM)	mainly-LAM	None	T	T	C
2505085	G	A	tbprofiler	2.2	East-Asian(Beijing)	Beijing-RD207	RD105;RD207	A	C	G
2516158	C	G	tbprofiler	4.6.3	Euro-American	T;LAM	None	G	C	C
2516365	T	C	tbprofiler	4.6.3	Euro-American	T;LAM	None	C	A	T
2527676	G	A	tbprofiler	4.3.4	Euro-American(LAM)	LAM	RD174	A	C	G
2546350	C	T	tbprofiler	6.3.3	West-Africa2	AFRI_1	RD702	T	T	C
2563401	T	G	tbprofiler	6.1.1	West-Africa2	AFRI_1	RD702	G	C	T
2565446	G	A	tbprofiler	5.1.4	West-Africa1	AFRI_2;AFRI_3	RD711	A	T	G
2574022	C	T	tbprofiler	4.1	Euro-American	T;X;H	None	T	G	C
2585858	G	A	tbprofiler	4.1.1.1	Euro-American(X-type)	X2	RD183	A	A	G
2597696	C	T	tbprofiler	4.5	Euro-American	H;T	RD122	T	C	C
2599821	C	A	tbprofiler	4.3.4	Euro-American(LAM)	LAM	RD174	A	G	C
2602160	G	A	tbprofiler	6.3.1	West-Africa2	AFRI_1	RD702	A	C	G
2603797	G	A	tbprofiler	4.1.1	Euro-American(X-type)	X1;X2;X3	None	A	C	G
2614031	T	G	tbprofiler	4.3.1.1	Euro-American(LAM)	LAM9	None	G	G	T
2622402	G	A	tbprofiler	1.1.2	Indo-Oceanic	EAI3;EAI5	RD239	A	G	G
2639868	A	G	tbprofiler	1.2.1.2	Indo-Oceanic	NA	RD239	G	A	A
2640369	G	A	tbprofiler	4.1.2.1.1	Euro-American(Haarlem)	T1;H1	RD182	A	A	G
2640807	G	A	tbprofiler	2.2.2	East-Asian(Beijing)	Beijing-RD105/RD207	RD105;RD207	A	A	G
2640960	C	T	tbprofiler	1.2.1.1	Indo-Oceanic	NA	RD239	T	A	C
2641658	A	C	tbprofiler	6.3.1	West-Africa2	AFRI_1	RD702	C	C	A
2649855	G	A	tbprofiler	4.3.2	Euro-American(LAM)	LAM3	None	A	C	G
2671061	C	A	tbprofiler	4.1	Euro-American	T;X;H	None	A	C	C
2671677	C	T	tbprofiler	6.3.1	West-Africa2	AFRI_1	RD702	T	G	C
2724782	C	T	tbprofiler	4.1.2.1	Euro-American(Haarlem)	T1;H1	RD182	T	T	C
2729453	C	A	tbprofiler	4.3.4.2.1	Euro-American(LAM)	LAM11	RD174	A	C	C
2729454	C	T	tbprofiler	3.1.2	East-African-Indian	CAS;CAS2	RD750	T	C	C
2737201	A	C	tbprofiler	1.2.1.2.1	Indo-Oceanic	NA	RD239	C	C	A
2737453	A	C	tbprofiler	2.1	East-Asian(non-Beijing)	None	None	C	G	A
2738221	G	A	tbprofiler	3	East-African-Indian	CAS	RD750	A	G	G
2738352	C	T	tbprofiler	1.1.3.3	Indo-Oceanic	NA	RD239	T	T	C
2739087	C	T	tbprofiler	4.1.1.3.1	Euro-American(X-type)	X1;X3	RD193	T	C	C
2744388	G	A	tbprofiler	3.1.1	East-African-Indian	CAS1-Kili	RD750	A	C	G
2748087	G	A	tbprofiler	4.2	Euro-American	H;T;LAM	None	A	C	G
2749452	G	A	tbprofiler	6.2	West-Africa2	AFRI_1	RD702	A	C	G
2750052	G	A	tbprofiler	9	9	None	None	A	T	G
2752854	G	A	tbprofiler	4.1.1	Euro-American(X-type)	X1;X2;X3	None	A	T	G
2755469	G	A	tbprofiler	4.6.4	Euro-American	T;LAM	None	A	G	G
2758268	C	T	tbprofiler	6.3	West-Africa2	AFRI_1	RD702	T	A	C
2763624	G	A	tbprofiler	1.2.2	Indo-Oceanic	EAI1	RD239	A	A	G
2781384	A	G	tbprofiler	4.6.2.1	Euro-American	T3	RD726	G	G	A
2782140	G	A	tbprofiler	4.8.3	Euro-American(mainlyT)	T1;T2;T3;T5	RD219	A	A	G
2782498	G	A	tbprofiler	3	East-African-Indian	CAS	RD750	A	C	G
2809250	C	T	tbprofiler	4.8	Euro-American(mainlyT)	T1;T2;T3;T5	RD219	T	T	C
2814961	G	A	tbprofiler	4.3.3	Euro-American(LAM)	LAM;T	RD115	A	C	G
2824839	C	T	tbprofiler	4.1.1.1	Euro-American(X-type)	X2	RD183	T	C	C
2825466	A	G	tbprofiler	4	Euro-American	LAM;T;S;X;H	None	G	A	G
2825581	T	G	tbprofiler	2.2.1	East-Asian(Beijing)	Beijing-RD181	RD105;RD207;RD181	G	G	T
2826039	G	C	tbprofiler	2.2.1.2	East-Asian(Beijing)	Beijing-RD142	RD105;RD207;RD181;RD142	C	T	G
2840849	G	C	tbprofiler	1.2.1.2	Indo-Oceanic	NA	RD239	C	C	G
2844014	G	A	tbprofiler	4.1.4	Euro-American	T;X;H	None	A	C	G
2844689	G	C	tbprofiler	4.3.2.1	Euro-American(LAM)	LAM3	RD761	C	T	G
2847191	G	A	tbprofiler	1.2.1.1	Indo-Oceanic	NA	RD239	A	C	G
2847737	G	A	tbprofiler	6	West-Africa2	AFRI_1	RD702	A	C	G
2859147	C	T	tbprofiler	5	West-Africa1	AFRI_2;AFRI_3	RD711	T	C	C
2868925	G	A	tbprofiler	4.4	Euro-American	S;T	None	A	T	G
2871251	G	A	tbprofiler	4.1.2.1	Euro-American(Haarlem)	T1;H1	RD182	A	C	G
2873374	G	A	tbprofiler	4.3.4.2.1	Euro-American(LAM)	LAM11	RD174	A	C	G
2874344	G	A	tbprofiler	3.1.2.2	East-African-Indian	CAS	RD750	A	G	G
2875883	C	T	tbprofiler	4.6.2.2	Euro-American(Cameroon)	LAM10-CAM	RD726	T	C	C
2877698	C	T	tbprofiler	6.3.1	West-Africa2	AFRI_1	RD702	T	G	C
2882343	C	A	tbprofiler	4.2.1	Euro-American(TUR)	H3;H4	None	A	T	C
2891379	A	C	tbprofiler	2.2.1.1	East-Asian(Beijing)	Beijing-RD150	RD105;RD207;RD181;RD150	C	A	A
2892168	G	A	tbprofiler	4.7	Euro-American(mainlyT)	T1;T5	None	A	G	G
2893701	G	A	tbprofiler	4.6.4	Euro-American	T;LAM	None	A	C	G
2897528	G	A	tbprofiler	1	Indo-Oceanic	EAI	RD239	A	T	G
2897684	A	G	tbprofiler	4.6.2.1	Euro-American	T3	RD726	G	G	A
2905505	G	A	tbprofiler	4.4.1	Euro-American(S-type)	S;T	None	A	G	G
2906978	C	T	tbprofiler	4.1	Euro-American	T;X;H	None	T	T	C
2907629	G	A	tbprofiler	4.3.2	Euro-American(LAM)	LAM3	None	A	A	G
2912746	C	T	tbprofiler	4.8.2	Euro-American(mainlyT)	T1;T2;T3;T5	RD219	T	G	C
2913091	C	T	tbprofiler	4.4.2	Euro-American	T1;T2	None	T	A	C
2914906	G	C	tbprofiler	4.8.1	Euro-American(mainlyT)	T1;T2;T3;T5	RD219	C	A	G
2919532	T	G	tbprofiler	4.6.4	Euro-American	T;LAM	None	G	C	T
2923264	G	A	tbprofiler	4.2.2.2	Euro-American(Ural)	T;LAM7-TUR	None	A	A	G
2940052	G	A	tbprofiler	5.3	West-Africa1	AFRI_2;AFRI_3	RD711	A	T	G
2958570	G	A	tbprofiler	1.2.1.2.1	Indo-Oceanic	NA	RD239	A	C	G
2980975	G	A	tbprofiler	4.1.1.3.1	Euro-American(X-type)	X1;X3	RD193	A	G	G
2989683	C	T	tbprofiler	1.1	Indo-Oceanic	EAI3;EAI4;EAI5;EAI6	RD239	T	C	C
2990241	G	T	tbprofiler	M.caprae	M.caprae	None	None	T	C	G
2994187	C	T	tbprofiler	4	Euro-American	LAM;T;S;X;H	None	T	G	T
2994964	C	T	tbprofiler	1.1.1.1	Indo-Oceanic	EAI4;ZERO	RD239	T	G	C
3007524	G	A	tbprofiler	4.2.2.1	Euro-American	LAM7-TUR	None	A	C	G
3015966	G	A	tbprofiler	4.6	Euro-American	T;LAM	None	A	C	G
3023684	G	A	tbprofiler	3.1.1	East-African-Indian	CAS1-Kili	RD750	A	C	G
3028658	G	A	tbprofiler	4.6.1.1	Euro-American	T2-Uganda	RD724	A	T	G
3037136	G	A	tbprofiler	4.3.1	Euro-American(LAM)	LAM9	None	A	C	G
3048841	G	A	tbprofiler	4.6.4	Euro-American	T;LAM	None	A	T	G
3093941	A	G	tbprofiler	6.3.1	West-Africa2	AFRI_1	RD702	G	T	A
3094181	G	A	tbprofiler	M.caprae	M.caprae	None	None	A	T	G
3094577	G	A	tbprofiler	9	9	None	None	A	T	G
3097223	C	T	tbprofiler	5.1.4	West-Africa1	AFRI_2;AFRI_3	RD711	T	A	C
3108169	C	A	tbprofiler	6.2.1	West-Africa2	AFRI_1	RD702	A	A	C
3129359	C	T	tbprofiler	4.1.1	Euro-American(X-type)	X1;X2;X3	None	T	C	C
3141827	C	G	tbprofiler	4.2.2.2	Euro-American(Ural)	T;LAM7-TUR	None	G	C	C
3147316	G	A	tbprofiler	1.2.2.2	Indo-Oceanic	NA	RD239	A	C	G
3147376	G	A	tbprofiler	4.4.1	Euro-American(S-type)	S;T	None	A	T	G
3147511	T	G	tbprofiler	2.2.2	East-Asian(Beijing)	Beijing-RD105/RD207	RD105;RD207	G	C	T
3147742	A	G	tbprofiler	4.1.2	Euro-American	T;H	None	G	C	A
3153183	A	G	tbprofiler	6.3	West-Africa2	AFRI_1	RD702	G	C	A
3168967	C	A	tbprofiler	4.8	Euro-American(mainlyT)	T1;T2;T3;T5	RD219	A	G	C
3170460	C	T	tbprofiler	4.6	Euro-American	T;LAM	None	T	G	C
3191027	G	A	tbprofiler	4.3	Euro-American(LAM)	mainly-LAM	None	A	A	G
3193575	C	T	tbprofiler	5.1	West-Africa1	AFRI_2;AFRI_3	RD711	T	C	C
3198496	G	A	tbprofiler	4.2	Euro-American	H;T;LAM	None	A	C	G
3213255	C	T	tbprofiler	6	West-Africa2	AFRI_1	RD702	T	C	C
3213615	G	A	tbprofiler	4.1.1.2	Euro-American(X-type)	X1	None	A	C	G
3220222	G	A	tbprofiler	4.7	Euro-American(mainlyT)	T1;T5	None	A	G	G
3231091	C	A	tbprofiler	4.1.1	Euro-American(X-type)	X1;X2;X3	None	A	C	C
3238748	G	A	tbprofiler	4.6.2.1	Euro-American	T3	RD726	A	C	G
3244674	G	A	tbprofiler	4.3.4.1	Euro-American(LAM)	LAM1;LAM2	RD174	A	G	G
3253571	C	T	tbprofiler	4.1.1.3.1	Euro-American(X-type)	X1;X3	RD193	T	G	C
3259272	A	C	tbprofiler	4.2.2.1	Euro-American	LAM7-TUR	None	C	T	A
3270289	C	A	tbprofiler	4.7	Euro-American(mainlyT)	T1;T5	None	A	G	C
3285945	C	G	tbprofiler	4.3.4.1	Euro-American(LAM)	LAM1;LAM2	RD174	G	C	C
3293315	C	T	tbprofiler	4.6.2.1	Euro-American	T3	RD726	T	C	C
3323665	C	A	tbprofiler	1.2.2.1	Indo-Oceanic	NA	RD239	A	C	C
3332626	C	T	tbprofiler	4.6.1.2	Euro-American	T2	RD724	T	G	C
3337585	G	A	tbprofiler	1.1.3.3	Indo-Oceanic	NA	RD239	A	C	G
3347480	G	A	tbprofiler	4.4.1.1	Euro-American	S;Orphans	None	A	C	G
3348128	C	T	tbprofiler	6.3.3	West-Africa2	AFRI_1	RD702	T	G	C
3348870	G	A	tbprofiler	4.8.1	Euro-American(mainlyT)	T1;T2;T3;T5	RD219	A	A	G
3349093	G	C	tbprofiler	4.4.1.2	Euro-American	T1	None	C	T	G
3354625	G	A	tbprofiler	4.6.2.2	Euro-American(Cameroon)	LAM10-CAM	RD726	A	A	G
3360032	G	A	tbprofiler	4.3.1.1	Euro-American(LAM)	LAM9	None	A	C	G
3360152	C	A	tbprofiler	4.6.2.2	Euro-American(Cameroon)	LAM10-CAM	RD726	A	A	C
3363401	G	A	tbprofiler	6.3.3	West-Africa2	AFRI_1	RD702	A	T	G
3367765	A	G	tbprofiler	4.9	Euro-American(H37Rv-like)	T1	None	G	C	G
3368284	C	T	tbprofiler	5.1.1	West-Africa1	AFRI_2;AFRI_3	RD711	T	T	C
3368415	G	A	tbprofiler	6.2.2	West-Africa2	AFRI_1	RD702	A	A	G
3370805	G	C	tbprofiler	9	9	None	None	C	A	G
3371401	G	A	tbprofiler	M.bovis	M.bovis	BOV_1;BOV_10	None	A	A	G
3383966	G	C	tbprofiler	4.2.2	Euro-American(Ural)	T;LAM7-TUR	None	C	C	G
3387252	G	A	tbprofiler	1.2.1.1	Indo-Oceanic	NA	RD239	A	G	G
3389922	T	G	tbprofiler	4.8.1	Euro-American(mainlyT)	T1;T2;T3;T5	RD219	G	C	T
3402590	G	A	tbprofiler	6.1.2	West-Africa2	AFRI_1	RD702	A	G	G
3404883	G	A	tbprofiler	4.8.2	Euro-American(mainlyT)	T1;T2;T3;T5	RD219	A	T	G
3414553	G	A	tbprofiler	9	9	None	None	A	C	G
3414791	G	C	tbprofiler	4.3.2	Euro-American(LAM)	LAM3	None	C	C	G
3416734	G	A	tbprofiler	4.2.2.2	Euro-American(Ural)	T;LAM7-TUR	None	A	T	G
3418330	G	A	tbprofiler	4.3	Euro-American(LAM)	mainly-LAM	None	A	C	G
3419560	C	T	tbprofiler	4.4	Euro-American	S;T	None	T	A	C
3423184	C	T	tbprofiler	4.3.3	Euro-American(LAM)	LAM;T	RD115	T	C	C
3433140	G	A	tbprofiler	6.3.3	West-Africa2	AFRI_1	RD702	A	T	G
3464053	G	A	tbprofiler	4.1.1.1	Euro-American(X-type)	X2	RD183	A	C	G
3469694	G	T	tbprofiler	4.2	Euro-American	H;T;LAM	None	T	C	G
3471151	G	A	tbprofiler	4.2.1	Euro-American(TUR)	H3;H4	None	A	G	G
3488812	C	T	tbprofiler	6.1.1	West-Africa2	AFRI_1	RD702	T	A	C
3497369	G	A	tbprofiler	4.2.2.2	Euro-American(Ural)	T;LAM7-TUR	None	A	T	G
3498198	C	T	tbprofiler	2.2.1	East-Asian(Beijing)	Beijing-RD181	RD105;RD207;RD181	T	T	C
3504930	C	T	tbprofiler	4.3.4.2	Euro-American(LAM)	LAM1;LAM4;LAM11	RD174	T	C	C
3557911	C	T	tbprofiler	3.1.2.1	East-African-Indian	CAS2	RD750	T	G	C
3562270	G	C	tbprofiler	4.6.1.1	Euro-American	T2-Uganda	RD724	C	C	G
3575552	G	A	tbprofiler	4.1.1.3.1	Euro-American(X-type)	X1;X3	RD193	A	C	G
3579166	C	G	tbprofiler	4.2.2.1	Euro-American	LAM7-TUR	None	G	G	C
3580670	G	T	tbprofiler	5.1.1	West-Africa1	AFRI_2;AFRI_3	RD711	T	T	G
3603865	C	T	tbprofiler	6.1.2	West-Africa2	AFRI_1	RD702	T	A	C
3608514	G	A	tbprofiler	4.4	Euro-American	S;T	None	A	C	G
3612009	C	T	tbprofiler	4.3.4	Euro-American(LAM)	LAM	RD174	T	G	C
3619854	A	G	tbprofiler	1.2.1.2.1	Indo-Oceanic	NA	RD239	G	G	A
3629291	A	G	tbprofiler	3.1.2.2	East-African-Indian	CAS	RD750	G	C	A
3629612	G	A	tbprofiler	1.2.1.2	Indo-Oceanic	NA	RD239	A	G	G
3643392	C	T	tbprofiler	4.3.3	Euro-American(LAM)	LAM;T	RD115	T	G	C
3646964	C	G	tbprofiler	4.2.1	Euro-American(TUR)	H3;H4	None	G	C	C
3664135	G	A	tbprofiler	4.4.1	Euro-American(S-type)	S;T	None	A	G	G
3666905	C	T	tbprofiler	4.2	Euro-American	H;T;LAM	None	T	C	C
3722702	G	C	tbprofiler	3.1.2	East-African-Indian	CAS;CAS2	RD750	C	C	G
3787156	G	A	tbprofiler	1.2.2.1	Indo-Oceanic	NA	RD239	A	A	G
3813473	G	A	tbprofiler	4.4.1	Euro-American(S-type)	S;T	None	A	C	G
3823159	T	A	tbprofiler	4.9	Euro-American(H37Rv-like)	T1	None	A	C	A
3830695	G	A	tbprofiler	4	Euro-American	LAM;T;S;X;H	None	A	C	A
3836739	G	A	tbprofiler	4.8	Euro-American(mainlyT)	T1;T2;T3;T5	RD219	A	C	G
3855303	G	A	tbprofiler	9	9	None	None	A	C	G
3862148	G	A	tbprofiler	6	West-Africa2	AFRI_1	RD702	A	C	G
3862181	C	T	tbprofiler	1.2.1.2	Indo-Oceanic	NA	RD239	T	G	C
3863545	G	A	tbprofiler	4.8.3	Euro-American(mainlyT)	T1;T2;T3;T5	RD219	A	C	G
3865539	G	C	tbprofiler	4.1.1.3.1	Euro-American(X-type)	X1;X3	RD193	C	C	G
3879882	G	A	tbprofiler	1.1.2	Indo-Oceanic	EAI3;EAI5	RD239	A	G	G
3886878	T	C	tbprofiler	4.4.2	Euro-American	T1;T2	None	C	G	T
3893139	G	A	tbprofiler	5.1.4	West-Africa1	AFRI_2;AFRI_3	RD711	A	A	G
3918067	T	C	tbprofiler	6.1.1	West-Africa2	AFRI_1	RD702	C	G	T
3955404	G	A	tbprofiler	6.1.1	West-Africa2	AFRI_1	RD702	A	A	G
4001041	G	A	tbprofiler	6.2.1	West-Africa2	AFRI_1	RD702	A	C	G
4004036	C	T	tbprofiler	4.4	Euro-American	S;T	None	T	C	C
4024368	C	T	tbprofiler	1.2.1.2	Indo-Oceanic	NA	RD239	T	C	C
4028292	C	T	tbprofiler	4.8	Euro-American(mainlyT)	T1;T2;T3;T5	RD219	T	T	C
4043365	G	T	tbprofiler	4.3.4.2	Euro-American(LAM)	LAM1;LAM4;LAM11	RD174	T	G	G
4047843	C	T	tbprofiler	4.3.1	Euro-American(LAM)	LAM9	None	T	C	C
4051663	C	T	tbprofiler	4.6.4	Euro-American	T;LAM	None	T	G	C
4053713	C	G	tbprofiler	3.1.2.1	East-African-Indian	CAS2	RD750	G	C	C
4054364	C	T	tbprofiler	1.1	Indo-Oceanic	EAI3;EAI4;EAI5;EAI6	RD239	T	C	C
4055217	G	A	tbprofiler	6.1.3	West-Africa2	AFRI_1	RD702	A	A	G
4064552	T	G	tbprofiler	6.1.2	West-Africa2	AFRI_1	RD702	G	A	T
4065300	G	T	tbprofiler	3.1.1	East-African-Indian	CAS1-Kili	RD750	T	C	G
4080525	C	T	tbprofiler	2.2.1.1	East-Asian(Beijing)	Beijing-RD150	RD105;RD207;RD181;RD150	T	T	C
4084405	G	A	tbprofiler	1.1.3.2	Indo-Oceanic	NA	RD239	A	G	G
4086697	G	T	tbprofiler	6	West-Africa2	AFRI_1	RD702	T	G	G
4112595	G	A	tbprofiler	4.7	Euro-American(mainlyT)	T1;T5	None	A	T	G
4127646	G	A	tbprofiler	6.1.3	West-Africa2	AFRI_1	RD702	A	C	G
4132949	C	T	tbprofiler	3.1.2	East-African-Indian	CAS;CAS2	RD750	T	T	C
4154051	G	A	tbprofiler	4.1.1.3	Euro-American(X-type)	X1;X3	RD193	A	G	G
4154816	G	A	tbprofiler	1.1.3.2	Indo-Oceanic	NA	RD239	A	C	G
4157259	G	A	tbprofiler	1.1.2	Indo-Oceanic	EAI3;EAI5	RD239	A	T	G
4158493	C	T	tbprofiler	2.2.1	East-Asian(Beijing)	Beijing-RD181	RD105;RD207;RD181	T	T	C
4165205	C	T	tbprofiler	4.9.1	Euro-American(H37Rv-like)	T1	None	T	C	C
4165481	G	C	tbprofiler	2.1	East-Asian(non-Beijing)	None	None	C	T	G
4170990	G	A	tbprofiler	6.2.3	West-Africa2	AFRI_1	RD702	A	C	G
4192677	G	A	tbprofiler	6.1.1	West-Africa2	AFRI_1	RD702	A	T	G
4198060	T	C	tbprofiler	6.1.3	West-Africa2	AFRI_1	RD702	C	G	T
4199739	G	T	tbprofiler	4.2.1	Euro-American(TUR)	H3;H4	None	T	C	G
4200993	T	G	tbprofiler	1.2.2.2	Indo-Oceanic	NA	RD239	G	C	T
4228101	C	T	tbprofiler	4.1.3	Euro-American	T;X;H	None	T	A	C
4229087	C	T	tbprofiler	4.1.1.3	Euro-American(X-type)	X1;X3	RD193	T	A	C
4229470	T	C	tbprofiler	M.bovis	M.bovis	BOV_1;BOV_11	None	C	A	T
4236891	C	A	tbprofiler	6	West-Africa2	AFRI_1	RD702	A	C	C
4236903	G	A	tbprofiler	4.6.4	Euro-American	T;LAM	None	A	C	G
4237383	C	A	tbprofiler	1.2.1.2	Indo-Oceanic	NA	RD239	A	C	C
4238120	G	A	tbprofiler	1.2.2	Indo-Oceanic	EAI1	RD239	A	A	G
4238963	C	T	tbprofiler	4.4	Euro-American	S;T	None	T	A	C
4254431	G	A	tbprofiler	2	East-Asian	Beijing	RD105	A	T	G
4256758	G	C	tbprofiler	4.1.2.1	Euro-American(Haarlem)	T1;H1	RD182	C	C	G
4260268	G	C	tbprofiler	4.6.1	Euro-American(Uganda)	T2	RD724	C	T	G
4260742	G	A	tbprofiler	4.6.2	Euro-American	T;LAM	RD726	A	C	G
4268186	G	A	tbprofiler	6.3.2	West-Africa2	AFRI_1	RD702	A	C	G
4268477	G	A	tbprofiler	6.3	West-Africa2	AFRI_1	RD702	A	C	G
4268525	C	G	tbprofiler	6.1.2	West-Africa2	AFRI_1	RD702	G	A	C
4269540	G	A	tbprofiler	4.1.1.3.1	Euro-American(X-type)	X1;X3	RD193	A	C	G
4273842	A	C	tbprofiler	4.3.4.2.1	Euro-American(LAM)	LAM11	RD174	C	G	A
4286156	T	C	tbprofiler	1.1	Indo-Oceanic	EAI3;EAI4;EAI5;EAI6	RD239	C	G	T
4294320	C	G	tbprofiler	6.1.1	West-Africa2	AFRI_1	RD702	G	C	C
4298106	C	A	tbprofiler	4.2.2.2	Euro-American(Ural)	T;LAM7-TUR	None	A	C	C
4307886	G	A	tbprofiler	4.4	Euro-American	S;T	None	A	C	G
4308395	G	A	tbprofiler	2	East-Asian	Beijing	RD105	A	A	G
4331585	G	A	tbprofiler	4.1.2.1	Euro-American(Haarlem)	T1;H1	RD182	A	A	G
4332755	C	T	tbprofiler	6.2.3	West-Africa2	AFRI_1	RD702	T	C	C
4373475	C	G	tbprofiler	4.3.4.2	Euro-American(LAM)	LAM1;LAM4;LAM11	RD174	G	C	C
4380236	T	G	tbprofiler	4.3.4.2.1	Euro-American(LAM)	LAM11	RD174	G	A	T
4382534	T	C	tbprofiler	5.1.4	West-Africa1	AFRI_2;AFRI_3	RD711	C	G	T
4390753	C	G	tbprofiler	4.3.3	Euro-American(LAM)	LAM;T	RD115	G	C	C
4391579	C	G	tbprofiler	4.7	Euro-American(mainlyT)	T1;T5	None	G	C	C
4391663	G	A	tbprofiler	4.1.4	Euro-American	T;X;H	None	A	A	G
4392120	G	A	tbprofiler	4.4.1.2	Euro-American	T1	None	A	G	G
4396495	C	A	tbprofiler	3	East-African-Indian	CAS	RD750	A	G	C
4402048	C	T	tbprofiler	1.2.1.1	Indo-Oceanic	NA	RD239	T	C	C
4404247	G	A	tbprofiler	1.1	Indo-Oceanic	EAI3;EAI4;EAI5;EAI6	RD239	A	T	G
4404313	G	A	tbprofiler	4.1.2.1.1	Euro-American(Haarlem)	T1;H1	RD182	A	T	G
4406749	G	A	tbprofiler	4.6.1.1	Euro-American	T2-Uganda	RD724	A	C	G
