1006080	G	A	napier2020,tbprofiler	4.1.1.1	2	1	G
1007461	C	G	coscolla2021	6.1.2	1	1	C
1010532	G	A	tbprofiler	4.6.2	1	1	G
1011206	C	G	coscolla2021,tbprofiler	5.3	2	1	C
1014058	G	A	coscolla2021,tbprofiler	5.1.2	2	1	G
1014722	C	T	coscolla2021,tbprofiler	5.3	2	1	C
1017836	A	C	tbprofiler	4.2.1	1	1	A
1018173	C	T	coscolla2021	5.2	1	1	C
1018811	G	A	tbprofiler	1.2.2	1	1	G
1022501	C	T	coscolla2021	6.2.2	1	1	C
1025614	G	T	tbprofiler	4.1.2.1.1	1	1	G
1028944	C	T	tbprofiler	4.1.1.3	1	1	C
1030368	C	G	tbprofiler	4.6.2.1	1	1	C
1030934	C	T	coscolla2021	6.1.3	1	1	C
103181	A	G	tbprofiler	4.2	1	1	A
10360	T	C	tbprofiler	1.2.2.1	1	1	T
103676	G	A	coscolla2021	6.3.1	1	1	G
1037355	T	C	tbprofiler	4.3.4	1	1	T
1038108	C	G	tbprofiler	3.1.2.1	1	1	C
1039981	T	C	tbprofiler	1.1.1	1	1	T
1049905	C	T	coscolla2021,tbprofiler	5.3	2	1	C
1051949	G	A	tbprofiler	4.4.1	1	1	G
1052899	C	T	tbprofiler	4.4	1	1	C
1052950	C	T	coscolla2021	6.3.1	1	1	C
1053308	C	T	tbprofiler	4.2.2.1	1	1	C
1053357	T	C	coscolla2021	6.2.2	1	1	T
1055672	C	A	tbprofiler	4.3.2.1	1	1	C
1056987	A	C	coscolla2021	5.1.5	1	1	A
1059348	T	G	coscolla2021	6.1.2	1	1	T
1059643	G	A	mykrobe	2.2.5	1	1	G
1060878	C	T	tbprofiler	1.1.3.1	1	1	C
1063250	A	G	freschi2020	4.2.1.2.1.2	1	1	A
1064934	C	G	coscolla2021,tbprofiler	5.1.4	2	1	C
1069146	C	T	tbprofiler	6	1	1	C
1069305	G	C	tbprofiler	M.caprae	1	1	G
1072628	G	A	tbprofiler	1.2.2	1	1	G
1074929	G	C	tbprofiler	4.9.1	1	1	G
107794	C	T	mykrobe,tbprofiler	4.1.2.1	2	1	C
1082445	T	A	tbprofiler	4.8	1	1	T
108257	T	G	tbprofiler	M.caprae	1	1	T
1082983	G	A	tbprofiler	4.1.2.1.1	1	1	G
1083082	G	T	tbprofiler	4.3.1.1	1	1	G
1084911	G	A	mykrobe	3.1.1	1	1	G
1098698	C	G	freschi2020,napier2020,tbprofiler	4.2.1.1.1.2.2.1.1.1.2,4.6.1.2	3	2	C
1099212	C	T	tbprofiler	1.2.1	1	1	C
1102468	C	A	tbprofiler	2	1	1	C
1104308	A	G	freschi2020	4.2.1.1.1.2.1.1.1.1.1	1	1	A
1105512	G		coscolla2021	5.1.5	1	1	G
1105512	G	A	coscolla2021	5.1.5	1	1	G
1105512	G	T	coscolla2021	5.1.5	1	1	G
1106580	T	C	coscolla2021	5.1.5	1	1	T
1106649	T	C	tbprofiler	4.3.4.1	1	1	T
1107320	G	A	coscolla2021,tbprofiler	5.3	2	1	G
1109535	G	A	napier2020,tbprofiler	4.1.1.2	2	1	G
1111469	C	T	tbprofiler	1.1.1.1	1	1	C
1111925	A	G	tbprofiler	4.1.2	1	1	A
1112994	C	A	coscolla2021	5.2	1	1	C
1115075	G	A	coscolla2021	6.3.1	1	1	G
1115796	C	A	tbprofiler	4.2.1.1	1	1	C
111851	G	A	tbprofiler	4.6.3	1	1	G
1120159	G	A	coscolla2021,tbprofiler	6.2.2	2	1	G
112397	C	T	coscolla2021	5.2	1	1	C
112490	C	T	coscolla2021,tbprofiler	5.1.5	2	1	C
1125468	C	T	tbprofiler	M.orygis	1	1	C
1125894	A	C	tbprofiler	7	1	1	A
1126895	G	A	tbprofiler	4.4.1.1.1	1	1	G
1129158	T	G	tbprofiler	4.8.3	1	1	T
112958	G	A	tbprofiler	4.1.2.1.1	1	1	G
1130526	G	A	freschi2020,napier2020,tbprofiler	4.2.1.1.1.1.1.1.i1,4.8	3	2	G
1131	C	A	tbprofiler	4.2.2.1	1	1	C
1132368	C	T	mykrobe,tbprofiler	4.3.4.2	2	1	C
1132437	C	T	tbprofiler	4.8.1	1	1	C
1134118	G	A	coscolla2021	6.1.2	1	1	G
1134959	G	C	tbprofiler	6.1.3	1	1	G
1135798	C	T	tbprofiler	2.1	1	1	C
1135855	G	A	coscolla2021	5.1.5	1	1	G
1136007	G	A	freschi2020	2.2.1.1.1.i2	1	1	G
1136017	A	G	freschi2020,napier2020,tbprofiler	1.2,1.2.1	3	2	A
1137518	G	A	freschi2020,mykrobe,napier2020,tbprofiler	7	4	1	G
1138747	C	T	coscolla2021	6.3.2	1	1	C
1140078	T	C	coscolla2021	6.3.1	1	1	T
1142266	A	C	tbprofiler	4.3	1	1	A
1142543	C	G	coscolla2021	6.3.1	1	1	C
1144221	G	A	tbprofiler	1.1.3	1	1	G
1144870	T	G	coscolla2021	5.1.5	1	1	T
1147708	G	A	tbprofiler	4.6.5	1	1	G
1149128	C	T	tbprofiler	M.bovis	1	1	C
1153214	G	A	coscolla2021,tbprofiler	5.3	2	1	G
1153676	C	G	tbprofiler	4.1.2	1	1	C
1154368	A	C	tbprofiler	4.8.3	1	1	A
1155868	C	T	tbprofiler	4.8.1	1	1	C
1165626	C	T	coscolla2021	5.1.2	1	1	C
1167274	C	T	freschi2020	1.1.1.1.2	1	1	C
1169028	G	A	tbprofiler	4.3.1	1	1	G
1171368	A	G	coscolla2021	6.3.3	1	1	A
1172079	A	G	tbprofiler	4.3.1	1	1	A
117295	G	A	tbprofiler	1.1	1	1	G
117392	G	C	coscolla2021	5.3	1	1	G
1177446	T	C	freschi2020	4.2.1.1.1.2.2.1.1.1.1	1	1	T
11846	C	G	coscolla2021	5.1.1	1	1	C
118469	G	A	freschi2020,tbprofiler	4.2.1.1.1.2.1.1.1.1,4.6.2.2	2	2	G
1184798	C	T	tbprofiler	1.1.3	1	1	C
1188325	G	A	coscolla2021	6.3.3	1	1	G
1193012	G	T	coscolla2021	6.2.2	1	1	G
1193668	G	A	tbprofiler	1.1.3.3	1	1	G
119600	C	G	napier2020,tbprofiler	4.9.1	2	1	C
1200107	A	G	coscolla2021	6.1.3	1	1	A
1200108	G	C	coscolla2021	6.1.3	1	1	G
1201530	C	T	coscolla2021	6.1.2	1	1	C
1204546	A	G	tbprofiler	4.8.2	1	1	A
1208652	G	A	tbprofiler	4.4.1	1	1	G
121463	C	T	tbprofiler	4.2.2.1	1	1	C
121831	G	A	tbprofiler	M.caprae	1	1	G
12204	G	A	tbprofiler	3	1	1	G
1221279	C	T	tbprofiler	6.3	1	1	C
1221479	C	T	tbprofiler	4.4.1.1.1	1	1	C
12234	C	G	tbprofiler	1.1.2	1	1	C
1226167	C	T	coscolla2021	5.1.5	1	1	C
122668	G	A	coscolla2021	5.3	1	1	G
1227217	C	T	tbprofiler	4.8	1	1	C
1227518	G	A	tbprofiler	8	1	1	G
122794	T	G	tbprofiler	4.6	1	1	T
1228067	G	A	tbprofiler	1.2.2.2	1	1	G
1229123	C	G	coscolla2021,tbprofiler	6.3.3	2	1	C
1229180	G	A	tbprofiler	3.1.2.2	1	1	G
1232496	T	C	tbprofiler	4.3.2.1	1	1	T
1233285	G	A	tbprofiler	4.2.2.2	1	1	G
1233417	C	G	tbprofiler	4.1.1.3.1	1	1	C
1234999	G	A	tbprofiler	4.4.1.1.1	1	1	G
1235220	G	C	coscolla2021	5.1.5	1	1	G
1236745	G	C	tbprofiler	M.orygis	1	1	G
123707	G	A	coscolla2021	6.3.2	1	1	G
1237536	C	G	freschi2020	4.2.2	1	1	C
1237815	G	A	freschi2020	1.2.2.2	1	1	G
1237818	C	G	mykrobe,napier2020,tbprofiler	3.1.2.1	3	1	C
1239078	C	A	tbprofiler	4.3.4.2.1	1	1	C
1241564	C		coscolla2021	5.2	1	1	C
1241564	C	A	coscolla2021	5.2	1	1	C
1241564	C	T	coscolla2021	5.2	1	1	C
1242043	C	T	coscolla2021	6.3.1	1	1	C
1244259	A	C	tbprofiler	3.1.3	1	1	A
1245275	C	T	napier2020,tbprofiler	1.2.2.1,1.3.1	2	2	C
1249771	G	A	tbprofiler	1.1.3.1	1	1	G
1249980	C	T	coscolla2021	5.1.3	1	1	C
1250340	G	A	tbprofiler	4	1	1	G
1251955	C	T	tbprofiler	4.3.4.1	1	1	C
1253973	C		coscolla2021	6.2.2	1	1	C
1253973	C	G	coscolla2021	6.2.2	1	1	C
1253973	C	T	coscolla2021	6.2.2	1	1	C
12555	C	T	tbprofiler	4.5	1	1	C
1256806	C	T	tbprofiler	4.1.1	1	1	C
1261056	C	T	tbprofiler	1.1.1	1	1	C
126249	C	A	freschi2020	4.2.1.1.1.2.1.1.1.1.2	1	1	C
1264533	G	T	coscolla2021	5.1.5	1	1	G
1267406	C	T	tbprofiler	6.1.1	1	1	C
1270331	A	C	coscolla2021	6.2.2	1	1	A
1273071	T	C	tbprofiler	4.8	1	1	T
1274335	G	A	napier2020,tbprofiler	4.3.4.1	2	1	G
1286666	G	A	tbprofiler	4.1.1.2	1	1	G
1288083	C	T	coscolla2021	6.1.2	1	1	C
1288698	G	A	tbprofiler	2.2	1	1	G
1289555	C	G	tbprofiler	4.6.2	1	1	C
1293121	C	T	tbprofiler	1.1.3	1	1	C
1297084	G	A	tbprofiler	7	1	1	G
1297327	G	A	napier2020,tbprofiler	4.3.4	2	1	G
1297981	G	C	tbprofiler	4.4.1.2	1	1	G
129852	C	T	tbprofiler	4.1.4	1	1	C
1301571	C	T	coscolla2021,tbprofiler	5.1.3	2	1	C
130358	C	T	coscolla2021	6.1.2	1	1	C
130449	C	A	tbprofiler	4.6.1.2	1	1	C
1308026	G	T	coscolla2021	5.3	1	1	G
1308161	C	T	freschi2020	4.2.1.1.1.2.1.1	1	1	C
1311086	A	G	tbprofiler	4.3.1	1	1	A
1311443	C	T	coscolla2021,tbprofiler	5.1.4	2	1	C
1315746	G	A	tbprofiler	1.2.1	1	1	G
13175	A	G	tbprofiler	1.2.1.2	1	1	A
1317655	C	T	tbprofiler	2	1	1	C
1317796	C	T	coscolla2021,tbprofiler	5.1.2	2	1	C
1320985	C	T	coscolla2021	5.1.1	1	1	C
1321210	C	T	tbprofiler	4.4.1.1	1	1	C
1329368	C	T	coscolla2021	6.2.2	1	1	C
1331187	G	C	tbprofiler	4.6.5	1	1	G
1334260	C	A	tbprofiler	4.3.2.1	1	1	C
1335913	C	G	tbprofiler	4.4.1.1.1	1	1	C
1343728	C	T	coscolla2021	6.2.3	1	1	C
1344807	G	A	tbprofiler	M.orygis	1	1	G
1345104	G	A	tbprofiler	1.1.3.1	1	1	G
1352350	C	T	tbprofiler	4.6.2.2	1	1	C
13529	G	A	coscolla2021,tbprofiler	5.1.3	2	1	G
135329	C	T	tbprofiler	2.2.1	1	1	C
1353773	C	G	tbprofiler	1.1.3.1	1	1	C
1355688	G	T	coscolla2021	6.2.2	1	1	G
135695	C	A	tbprofiler	4.4.1.1.1	1	1	C
1358197	C	T	tbprofiler	4.6.5	1	1	C
1358406	C	G	coscolla2021	5.1.2	1	1	C
1361220	C	T	tbprofiler	3.1.3	1	1	C
1363194	G	A	tbprofiler	1.2.1	1	1	G
136351	G	A	coscolla2021,tbprofiler	6.2.2	2	1	G
1363986	C	T	tbprofiler	4.3.1.1	1	1	C
1364434	C	T	tbprofiler	4.3.4.1	1	1	C
1364706	G	A	mykrobe	2.2.10	1	1	G
1365430	G	C	tbprofiler	1.2.2	1	1	G
1365895	G	A	tbprofiler	7	1	1	G
1366937	G	A	coscolla2021	5.1.5	1	1	G
136732	C	T	coscolla2021,tbprofiler	6.1.2	2	1	C
1369927	C	T	tbprofiler	1.1.1.1	1	1	C
1371187	G	A	coscolla2021	5.1.2	1	1	G
1371923	C	A	coscolla2021	6.3.2	1	1	C
1372002	C	T	tbprofiler	6	1	1	C
1375071	C	A	coscolla2021	5.1.1	1	1	C
1378725	T	C	tbprofiler	3.1.1	1	1	T
1380932	G	A	coscolla2021	5.2	1	1	G
138788	C	T	tbprofiler	4.6.1.2	1	1	C
1391868	G	A	tbprofiler	4.6.1.2	1	1	G
1393729	A	T	coscolla2021	5.1.1	1	1	A
1393782	C	T	coscolla2021	6.3.2	1	1	C
1396311	G	T	freschi2020	4.1.i1.1.1.1	1	1	G
1396922	C	T	tbprofiler	4.9	1	1	C
1405848	C	T	tbprofiler	3.1.3	1	1	C
1406312	A	G	tbprofiler	1.2.1.2.1	1	1	A
1421109	A	G	tbprofiler	4.3.1	1	1	A
142317	C	T	tbprofiler	4.6.2.2	1	1	C
14251	G	A	tbprofiler	4.3	1	1	G
1429038	A	C	freschi2020	4.2.2.2.1	1	1	A
1430203	C	T	coscolla2021	5.2	1	1	C
1432945	C	T	coscolla2021	6.1.3	1	1	C
1434318	G	T	coscolla2021	5.1.3	1	1	G
1434319	A	T	coscolla2021,tbprofiler	5.1.3	2	1	A
143535	C	T	tbprofiler	9	1	1	C
1435763	C	T	tbprofiler	4.5	1	1	C
1435831	T	C	coscolla2021	5.2	1	1	T
1436230	A	G	coscolla2021,tbprofiler	6.1.3	2	1	A
1436782	G	A	tbprofiler	3.1.3	1	1	G
1439318	C	T	coscolla2021	5.3	1	1	C
1439332	C	T	tbprofiler	4.6.1.1	1	1	C
1439504	C	G	coscolla2021	6.2.2	1	1	C
1442109	C	T	tbprofiler	4.6.4	1	1	C
144390	G	A	tbprofiler	4.1.1.3	1	1	G
1444655	C	T	tbprofiler	4.8.2	1	1	C
1446697	G	A	coscolla2021	6.2.2	1	1	G
1448088	G	A	coscolla2021	5.1.1	1	1	G
1449011	G	A	coscolla2021,tbprofiler	6.2.2	2	1	G
1449038	C	T	tbprofiler	M.orygis	1	1	C
1450316	C	T	tbprofiler	3	1	1	C
1450463	C	T	coscolla2021,tbprofiler	6.1.1	2	1	C
1451542	C	T	tbprofiler	4.3.2.1	1	1	C
1452071	C	A	napier2020,tbprofiler	4.3	2	1	C
1453896	C	A	coscolla2021	5.2	1	1	C
1454192	A	G	coscolla2021,tbprofiler	6.2.1	2	1	A
1455780	T	C	mykrobe,napier2020,tbprofiler	4.2.2.1	3	1	T
145695	G	T	coscolla2021	5.3	1	1	G
1459257	C	T	coscolla2021,tbprofiler	6.2.2	2	1	C
1463776	C	T	tbprofiler	7	1	1	C
1466779	C	T	napier2020,tbprofiler	4.2	2	1	C
1467753	G	A	tbprofiler	4.6.2	1	1	G
1470109	G	A	coscolla2021	5.3	1	1	G
147655	G	C	tbprofiler	4.3.2.1	1	1	G
1477522	C	A	mykrobe	2.2.3	1	1	C
1478222	C	G	tbprofiler	1.2.1	1	1	C
1480024	G	T	mykrobe	4.3	1	1	G
1487796	C	A	mykrobe,tbprofiler	4.2.2	2	1	C
1491275	G	A	mykrobe,napier2020,tbprofiler	1.1.3	3	1	G
1492049	C	T	tbprofiler	1.2.2.2	1	1	C
1492605	C	T	mykrobe	M.bovis	1	1	C
1492961	G	A	coscolla2021,tbprofiler	5.1.4	2	1	G
1494231	G	A	tbprofiler	4.4.1.2	1	1	G
1498304	A	C	tbprofiler	4.6.5	1	1	A
1498862	C	A	coscolla2021	5.1.5	1	1	C
1500080	G	A	coscolla2021	6.2.2	1	1	G
1501468	G	C	mykrobe	4.6.1.2	1	1	G
1501715	C	T	tbprofiler	5.1	1	1	C
1501742	C	A	tbprofiler	5.1	1	1	C
1502120	C	A	mykrobe	4.3.4.2.1	1	1	C
15036	C	G	napier2020,tbprofiler	4.4.1.1.1	2	1	C
1505806	C	T	tbprofiler	5	1	1	C
151029	G	A	coscolla2021	6.3.2	1	1	G
1511460	C	T	tbprofiler	2.2.2	1	1	C
15177	C	G	freschi2020,tbprofiler	1.1.1.2,1.1.3	2	2	C
152092	C	T	tbprofiler	4.2.2.1	1	1	C
1521911	G	T	coscolla2021	5.2	1	1	G
1523575	A	G	tbprofiler	3.1.1	1	1	A
1526100	A	G	tbprofiler	1.1.1.1	1	1	A
1526754	G	C	coscolla2021	6.3.1	1	1	G
1526839	G	A	tbprofiler	4.2.1.1	1	1	G
1532357	A	C	coscolla2021	5.2	1	1	A
1534538	C	T	tbprofiler	4.6.2	1	1	C
1539110	C	T	coscolla2021	5.1.5	1	1	C
1539299	C	T	coscolla2021,tbprofiler	6.3.3	2	1	C
154051	A	G	tbprofiler	1.2.2	1	1	A
1541214	T	C	tbprofiler	4.3.1	1	1	T
1541348	C	T	coscolla2021	6.3.1	1	1	C
154276	T	G	mykrobe	AnimalA3	1	1	T
1543874	G	T	coscolla2021,tbprofiler	5.1.2	2	1	G
1547498	G	A	tbprofiler	4.8.1	1	1	G
154990	G	T	tbprofiler	2.2.2	1	1	G
1551194	C	A	tbprofiler	6.2.3	1	1	C
155183	C	A	coscolla2021	6.1.1	1	1	C
155293	G	A	tbprofiler	4.1.1.3	1	1	G
1553855	C	T	tbprofiler	1.2.1	1	1	C
1553876	C	G	tbprofiler	4.6.5	1	1	C
1555297	G	A	freschi2020	4.2.1.1.1.2.2.1.1.2	1	1	G
1555342	C	T	tbprofiler	M.orygis	1	1	C
1555432	C	T	tbprofiler	5	1	1	C
155555	C	T	tbprofiler	4.6.5	1	1	C
1556018	C	T	coscolla2021,tbprofiler	5.1.5	2	1	C
1556430	T	G	tbprofiler	3.1.1	1	1	T
1556626	T	C	coscolla2021	6.2.2	1	1	T
1560777	G	A	coscolla2021,tbprofiler	5.1.3	2	1	G
1560912	G	A	tbprofiler	1	1	1	G
1561245	C	T	tbprofiler	7	1	1	C
1564799	C	T	napier2020,tbprofiler	4.1.3	2	1	C
1565566	C	T	tbprofiler	2.2.2	1	1	C
1567985	A	G	tbprofiler	1.2.1.2	1	1	A
1568018	C	T	tbprofiler	4.2	1	1	C
1571642	G	T	coscolla2021	6.3.3	1	1	G
1575095	G	C	coscolla2021	6.2.2	1	1	G
1577241	G	A	tbprofiler	2	1	1	G
1577846	G	A	tbprofiler	6.2	1	1	G
1578212	A	C	tbprofiler	5	1	1	A
1580680	C	T	freschi2020	4.1.i1.2.1	1	1	C
1581704	G	C	tbprofiler	4.6.5	1	1	G
1582356	C	T	coscolla2021	6.2.2	1	1	C
1582418	G	T	coscolla2021	6.3.3	1	1	G
1584217	C	T	coscolla2021	6.3.2	1	1	C
1588746	C	T	coscolla2021,tbprofiler	6.3.2	2	1	C
1588887	T	C	tbprofiler	4.6.2.1	1	1	T
15890	G	A	freschi2020	2.2.2	1	1	G
1589096	C	T	coscolla2021	5.2	1	1	C
1590555	C	T	tbprofiler	1	1	1	C
1591545	G	T	napier2020,tbprofiler	3.1.1	2	1	G
1592015	C	T	tbprofiler	4.3.2.1	1	1	C
1593952	G	A	coscolla2021	6.2.3	1	1	G
1594848	G	A	tbprofiler	4.8.1	1	1	G
1597405	G	A	tbprofiler	4.6.1	1	1	G
1597696	G	A	tbprofiler	4.6.1.1	1	1	G
1599076	C	T	coscolla2021,tbprofiler	5.1.2	2	1	C
1599996	C	T	tbprofiler	1.1.3.1	1	1	C
1601416	C	T	coscolla2021,tbprofiler	6.3.3	2	1	C
1604602	G	T	coscolla2021	6.1.2	1	1	G
1619841	G	A	tbprofiler	1.2.2.2	1	1	G
1620582	T	C	tbprofiler	4.3.1.1	1	1	T
1623789	C	T	tbprofiler	1.2.1.2.1	1	1	C
1625769	G	A	tbprofiler	4.6.2.1	1	1	G
162581	G	A	tbprofiler	4.3	1	1	G
1626590	G	A	tbprofiler	6.2	1	1	G
163705	C	T	tbprofiler	2.2.1	1	1	C
1639226	C	T	tbprofiler	3.1.1	1	1	C
1639943	G	A	coscolla2021	6.2.2	1	1	G
1642714	C	A	coscolla2021	5.1.2	1	1	C
1645599	C	T	tbprofiler	4.5	1	1	C
1645620	G	A	coscolla2021,tbprofiler	6.3.2	2	1	G
164682	C	T	tbprofiler	1.1.3.2	1	1	C
1647807	T	C	napier2020,tbprofiler	4.3.1.1	2	1	T
1649265	G	A	tbprofiler	5	1	1	G
1651063	C	G	tbprofiler	1.2.2.1	1	1	C
1652216	A	G	tbprofiler	4.2.1.1	1	1	A
16526	C	T	freschi2020	1.2.1.1	1	1	C
165487	C	T	tbprofiler	M.caprae	1	1	C
1658626	G	C	coscolla2021	6.1.2	1	1	G
1659472	G	T	coscolla2021	5.2	1	1	G
1659666	G	A	tbprofiler	4.6.4	1	1	G
1660440	G	A	tbprofiler	4.2.1.1	1	1	G
166348	A	C	tbprofiler	4.6.2.2	1	1	A
1667070	G	A	coscolla2021,tbprofiler	6.3.3	2	1	G
1667112	A	G	coscolla2021	6.2.2	1	1	A
1667653	C	T	coscolla2021	6.3.3	1	1	C
1670814	C	T	tbprofiler	4.2	1	1	C
1672360	C	G	freschi2020	4.1.i1.2.2	1	1	C
16727	G	A	freschi2020	3.2.2	1	1	G
1672808	G	A	tbprofiler	1.2.2.2	1	1	G
1680115	A	G	coscolla2021	6.2.2	1	1	A
1681310	C	T	coscolla2021	5.3	1	1	C
1682922	G	A	coscolla2021	6.2.3	1	1	G
1687287	T	C	coscolla2021	6.1.2	1	1	T
1690252	T	C	coscolla2021	5.1.1	1	1	T
1692069	A	G	mykrobe,napier2020,tbprofiler	2.2.1.2,2.2.8	3	2	A
1692141	A	C	mykrobe	4.10	1	1	C	diff
1692640	C	T	coscolla2021,tbprofiler	5.1.1	2	1	C
1692877	G	T	coscolla2021	5.1.5	1	1	G
1694385	C	G	coscolla2021	5.1.5	1	1	C
1695037	G	A	tbprofiler	2.2	1	1	G
1695791	G	T	coscolla2021,tbprofiler	5.1.1	2	1	G
1697460	C	T	tbprofiler	1.1.3	1	1	C
1701477	C	G	tbprofiler	4.1.2.1.1	1	1	C
1703289	C	T	coscolla2021	6.3.2	1	1	C
1708141	C	T	coscolla2021	6.1.1	1	1	C
1710248	A	G	coscolla2021	6.3.3	1	1	A
171178	A	G	coscolla2021	6.3.2	1	1	A
1714363	C	T	coscolla2021	5.2	1	1	C
1715828	G	C	tbprofiler	4.3.1	1	1	G
1719757	G	T	mykrobe	4.5	1	1	G
17225	C	G	freschi2020	4.1.i1.1.1.2	1	1	C
1724120	G	A	tbprofiler	4.3.4.2	1	1	G
1726541	G	A	tbprofiler	4.6.1.2	1	1	G
1726973	C	T	coscolla2021	5.3	1	1	C
1729548	T	G	coscolla2021	5.1.5	1	1	T
1732248	G	T	coscolla2021	6.2.2	1	1	G
1733618	C	T	tbprofiler	5.1	1	1	C
1738751	C	A	coscolla2021	5.2	1	1	C
1740535	G	A	tbprofiler	4.3.4.2.1	1	1	G
1741100	G	A	coscolla2021,tbprofiler	5.1.3	2	1	G
1745708	C	T	coscolla2021	6.2.2	1	1	C
1750465	T	C	napier2020,tbprofiler	1.1.1.1	2	1	T
1750843	G	A	coscolla2021	6.3.2	1	1	G
175088	G	A	coscolla2021	5.1.5	1	1	G
1753421	C	A	coscolla2021	6.1.3	1	1	C
1757463	C	G	coscolla2021	5.1.2	1	1	C
1759252	G	T	freschi2020	4.2.1.1.1.1.1.1.i2	1	1	T	diff
1759252	T	G	tbprofiler	4.9	1	1	T
1762615	C	T	freschi2020	4.2.1.2.1.1.i4.1	1	1	C
1764225	C	T	tbprofiler	3	1	1	C
1764808	C	T	tbprofiler	4.8.2	1	1	C
17665	G	A	napier2020,tbprofiler	4.6.5	2	1	G
176742	C	T	coscolla2021	6.3.1	1	1	C
176821	C	G	tbprofiler	4.6.4	1	1	C
1771320	G	A	tbprofiler	4.3.4.2	1	1	G
1773021	A	G	coscolla2021	5.3	1	1	A
1773840	T	C	coscolla2021	5.3	1	1	T
1775674	C	T	tbprofiler	6.2	1	1	C
1778557	C	T	tbprofiler	4.3.2	1	1	C
17842	G	C	freschi2020,napier2020,tbprofiler	3.1.2,3.1.3,3.2	3	3	G
1792096	C	T	coscolla2021	6.3.1	1	1	C
1797555	G	A	freschi2020	4.2.1.1.1.1.1.2	1	1	G
1798561	C	T	tbprofiler	4.6.4	1	1	C
1799178	G	A	tbprofiler	1.1.3.3	1	1	G
1799921	C	A	freschi2020,mykrobe,napier2020,tbprofiler	5	4	1	C
1802893	G	A	coscolla2021	5.1.1	1	1	G
1803959	G	T	tbprofiler	4.4.1.2	1	1	G
1808124	A	C	tbprofiler	4.4.1.2	1	1	A
18091	G	A	freschi2020,napier2020,tbprofiler	4.2.1.1.1.2,4.6	3	2	G
1809552	G	T	coscolla2021	6.3.2	1	1	G
1811964	C	A	tbprofiler	6	1	1	C
1813927	G	A	coscolla2021	6.3.1	1	1	G
1816587	C	G	freschi2020,mykrobe	6	2	1	C
1817692	G	A	coscolla2021	6.2.3	1	1	G
1819031	G	C	coscolla2021,tbprofiler	5.1.4	2	1	G
1821774	C	T	tbprofiler	1.2.2.1	1	1	C
1822656	T	G	coscolla2021	5.1.5	1	1	T
1824845	A	G	coscolla2021	5.3	1	1	A
1831253	C	T	mykrobe	AnimalA2	1	1	C
1831531	G	A	freschi2020	1.1.2	1	1	G
1837734	C	T	coscolla2021	5.1.5	1	1	C
184184	C	T	coscolla2021	5.2	1	1	C
1841961	G	A	coscolla2021,tbprofiler	6.3.2	2	1	G
1842237	A	G	coscolla2021,tbprofiler	6.3.2	2	1	A
184254	G	C	tbprofiler	4.1.3	1	1	G
1844436	C	T	coscolla2021	6.1.3	1	1	C
1844943	G	C	coscolla2021	5.3	1	1	G
1846092	C	T	tbprofiler	5.1	1	1	C
1847811	A	C	tbprofiler	4.3.4	1	1	A
1849	C	T	coscolla2021	6.2.2	1	1	C
1849051	C	T	tbprofiler	2.2	1	1	C
1850119	C	T	mykrobe,tbprofiler	4.1.1.1	2	1	C
1853674	G	A	tbprofiler	4.4.1.1.1	1	1	G
1855067	A	C	coscolla2021	5.1.2	1	1	A
1862121	C	T	tbprofiler	3.1.2.2	1	1	C
1867707	C	T	tbprofiler	6	1	1	C
1870173	G	A	tbprofiler	6.3	1	1	G
187086	C	T	coscolla2021	6.1.1	1	1	C
1872211	G	A	tbprofiler	4.2	1	1	G
187285	G	C	tbprofiler	1.1.3.2	1	1	G
187342	G	C	tbprofiler	3.1.2.2	1	1	G
1875207	C	T	tbprofiler	4.1	1	1	C
1877862	G	T	tbprofiler	4.1.2.1.1	1	1	G
1879701	A	C	tbprofiler	5.1.2	1	1	A
1880850	G	A	tbprofiler	4.2.2.2	1	1	G
1881090	C	T	mykrobe	2.1	1	1	C
1882573	C	G	tbprofiler	4.9.1	1	1	C
1882817	T	A	tbprofiler	6.1	1	1	T
1883958	C	G	coscolla2021	6.1.2	1	1	C
1885495	G	A	tbprofiler	1.2.2.1	1	1	G
1886982	C	T	freschi2020	4.2.1.1.1.2.1	1	1	C
1891256	T	G	coscolla2021,tbprofiler	5.1.1	2	1	T
1891388	C	G	tbprofiler	2.2.1.1	1	1	C
1897938	G	A	tbprofiler	1.2.1.2.1	1	1	G
1900943	A	G	coscolla2021	6.1.2	1	1	A
1901924	T	C	tbprofiler	4.5	1	1	T
1903050	C	T	tbprofiler	1.2.1.2.1	1	1	C
1903547	C	T	coscolla2021,tbprofiler	5.1.3	2	1	C
1906078	A	G	tbprofiler	2.2.1	1	1	A
1907296	C	G	tbprofiler	4.9	1	1	C
1908787	G	A	coscolla2021,tbprofiler	6.2.3	2	1	G
1908975	C	T	coscolla2021	5.1.2	1	1	C
191218	G	C	coscolla2021,tbprofiler	5.1.3	2	1	G
1912268	T	C	coscolla2021,tbprofiler	5.1.1	2	1	T
1913177	C	A	coscolla2021	6.1.1	1	1	C
191398	C	G	coscolla2021	5.1.5	1	1	C
1914217	C	A	freschi2020,tbprofiler	3.1.1.i2,3.1.2	2	2	C
1919627	G	A	tbprofiler	3.1.3	1	1	G
1919736	T	G	tbprofiler	4.2.2.1	1	1	T
1924008	G	A	freschi2020	2.2.1.1.1	1	1	G
1924765	T	C	tbprofiler	1.1.1	1	1	T
1925136	G	A	tbprofiler	3	1	1	G
1931219	G	A	tbprofiler	4.1.2.1	1	1	G
193735	C	G	tbprofiler	4.2.2	1	1	C
1938678	G	C	coscolla2021	6.3.2	1	1	G
1940611	G	C	tbprofiler	4.9.1	1	1	G
1941828	G	T	coscolla2021	5.3	1	1	G
1945754	C	T	coscolla2021	6.2.3	1	1	C
1947282	A	G	napier2020,tbprofiler	2.2.1.1	2	1	A
1952121	C	A	coscolla2021	5.2	1	1	C
1952601	C	T	tbprofiler	4.1.1	1	1	C
195296	A	G	coscolla2021	5.1.5	1	1	A
195682	C	G	tbprofiler	2.2	1	1	C
1959694	A	T	coscolla2021	5.3	1	1	A
1965133	C	T	tbprofiler	4.4.2	1	1	C
1966265	T	C	coscolla2021	6.1.1	1	1	T
197047	A	G	tbprofiler	4.3.4.1	1	1	A
197397	G	C	tbprofiler	4.4.1	1	1	G
1976014	C	T	tbprofiler	1.1.3.3	1	1	C
197718	A	C	coscolla2021	5.3	1	1	A
1980652	G	T	tbprofiler	2	1	1	G
1980871	G	C	tbprofiler	4.5	1	1	G
1985573	C	A	tbprofiler	4.2.2.1	1	1	C
199359	C	A	tbprofiler	M.caprae	1	1	C
19947	G	A	tbprofiler	6.1.2	1	1	G
2004701	G	C	coscolla2021	5.1.2	1	1	G
2009230	A	C	coscolla2021	6.3.3	1	1	A
201123	A	C	tbprofiler	4.1.1.1	1	1	A
2013552	T	C	coscolla2021	6.2.2	1	1	T
2015882	C	T	coscolla2021	6.2.3	1	1	C
2016286	C	A	tbprofiler	1.1.3.3	1	1	C
201896	A	G	tbprofiler	4.7	1	1	A
2020120	C	T	tbprofiler	3.1.2.1	1	1	C
2020144	G	A	tbprofiler	4.1	1	1	G
2022126	G	C	tbprofiler	4.4.1.1	1	1	G
2022868	C	T	tbprofiler	4.9	1	1	C
2024413	C	T	coscolla2021,tbprofiler	6.3.1	2	1	C
202715	A	G	tbprofiler	6.2	1	1	A
203214	T	C	coscolla2021,tbprofiler	6.1.3	2	1	T
2033748	G	C	tbprofiler	4.6.1	1	1	G
2033757	G	A	coscolla2021	5.1.5	1	1	G
2033890	G	T	tbprofiler	4.4.1	1	1	G
2035718	G	T	coscolla2021	5.1.2	1	1	G
20407	G	A	tbprofiler	1.2.2	1	1	G
204724	G	A	tbprofiler	1.2.2.1	1	1	G
2047893	G	T	coscolla2021	6.2.2	1	1	G
2053116	A	G	coscolla2021	5.1.5	1	1	A
2053682	C	T	tbprofiler	4.3	1	1	C
2053726	C	T	coscolla2021	5.1.1	1	1	C
2053833	C	T	coscolla2021	6.2.2	1	1	C
205402	G	T	tbprofiler	4.3.1	1	1	G
2054805	G	A	tbprofiler	4.1.1.3	1	1	G
2058447	G	A	tbprofiler	4.6.1.2	1	1	G
2063106	C	T	tbprofiler	1.1.1	1	1	C
2063303	G	A	coscolla2021	6.1.2	1	1	G
206481	G	C	tbprofiler	4	1	1	G
2065837	A	T	coscolla2021	6.3.2	1	1	A
2066474	T	C	tbprofiler	1.1.3.3	1	1	T
2066633	C	G	tbprofiler	4.1.2	1	1	C
2069304	C	G	freschi2020	4.2.1.1.1.2.2.1.2	1	1	C
2073605	G	C	tbprofiler	4.8.2	1	1	G
2077110	C	A	coscolla2021	5.1.4	1	1	C
2077253	G	A	freschi2020,napier2020,tbprofiler	4.2.1.2.1.1.i4,4.3.3	3	2	G
2078024	G	A	tbprofiler	1.1.1	1	1	G
2078246	C	G	freschi2020,napier2020,tbprofiler	2.2.1	3	1	C
2080941	G	A	tbprofiler	4.1.1.1	1	1	G
2083683	C	T	coscolla2021,tbprofiler	5.2	2	1	C
208710	C	A	tbprofiler	4.4.1.1.1	1	1	C
208782	A	C	tbprofiler	2.1	1	1	A
2090580	C	T	coscolla2021	6.3.2	1	1	C
2091597	C	T	coscolla2021,tbprofiler	5.2	2	1	C
2093158	C	T	coscolla2021	5.1.1	1	1	C
2093998	C	T	tbprofiler	4.5	1	1	C
2101240	G	A	coscolla2021	6.3.2	1	1	G
2105065	C	T	tbprofiler	4.6.2.1	1	1	C
2108386	G	T	coscolla2021,tbprofiler	5.2	2	1	G
2112832	A	C	tbprofiler	2.2	1	1	A
211576	C	A	tbprofiler	4.2.1.1	1	1	C
2116663	C	T	tbprofiler	4.3.1.1	1	1	C
211685	G	T	coscolla2021	5.3	1	1	G
212244	G	A	tbprofiler	4.8	1	1	G
212512	C	A	coscolla2021	6.3.2	1	1	C
2126352	G	A	coscolla2021	6.3.1	1	1	G
2129004	C	T	coscolla2021	6.2.2	1	1	C
2134329	G	T	coscolla2021	6.1.3	1	1	G
214036	C	T	tbprofiler	4.8.3	1	1	C
2148300	T	C	coscolla2021	5.3	1	1	T
2150432	G	T	coscolla2021	6.2.2	1	1	G
2153246	T	G	tbprofiler	4.2.2.2	1	1	T
215613	G	A	tbprofiler	4.6.1.1	1	1	G
2156847	G	A	tbprofiler	4.2.2.2	1	1	G
2158582	G	A	tbprofiler	4.1.1	1	1	G
215977	C	T	tbprofiler	2.2.1	1	1	C
216469	C	T	tbprofiler	2.1	1	1	C
2173058	C	A	coscolla2021,tbprofiler	5.1.5	2	1	C
217306	C	G	tbprofiler	4.2	1	1	C
2183319	G	A	coscolla2021	6.3.1	1	1	G
2184781	G	T	tbprofiler	4.6.1	1	1	G
2185538	G	A	tbprofiler	3.1.2.1	1	1	G
2187277	A	G	coscolla2021	5.3	1	1	A
2189442	G	A	coscolla2021	6.2.2	1	1	G
2191657	G	T	tbprofiler	4.4.2	1	1	G
2192409	G	T	coscolla2021	5.1.5	1	1	G
2193016	C		coscolla2021	5.1.2	1	1	C
2193016	C	A	coscolla2021	5.1.2	1	1	C
2193016	C	T	coscolla2021	5.1.2	1	1	C
219755	G	T	tbprofiler	9	1	1	G
2198182	C	T	coscolla2021,tbprofiler	6.3.1	2	1	C
2199684	G	A	tbprofiler	4.3.4.1	1	1	G
2202500	C	T	tbprofiler	2.2	1	1	C
2208143	T	C	tbprofiler	4.1.1.3.1	1	1	T
221190	G	T	napier2020,tbprofiler	8	2	1	G
2212762	C	T	tbprofiler	4.8	1	1	C
2215712	G	A	tbprofiler	1.2.1.2.1	1	1	G
221767	T	C	coscolla2021	5.1.4	1	1	T
2223949	G	A	coscolla2021	6.1.2	1	1	G
2225515	G	A	tbprofiler	4.6.2.1	1	1	G
2226118	C	A	coscolla2021	5.1.4	1	1	C
2235118	C	A	coscolla2021	5.1.5	1	1	C
223627	C	A	tbprofiler	4.3.1.1	1	1	C
2239384	G	A	tbprofiler	6.3.3	1	1	G
2240716	G	A	coscolla2021,tbprofiler	5.2	2	1	G
2244770	G	A	tbprofiler	4.1.2.1	1	1	G
2245075	C	T	tbprofiler	4.4.2	1	1	C
2245499	C	T	tbprofiler	3.1.2.1	1	1	C
2247896	C	A	coscolla2021	5.2	1	1	C
2248163	T	C	coscolla2021,tbprofiler	6.3.3	2	1	T
224901	C	G	tbprofiler	4.4.1.1	1	1	C
2249403	C	T	tbprofiler	4.3.2	1	1	C
225039	G	A	tbprofiler	1.1.2	1	1	G
2253453	T	C	tbprofiler	4.1	1	1	T
225495	T	C	napier2020,tbprofiler	4.3.4.2.1	2	1	T
225657	G	A	coscolla2021,tbprofiler	5.3	2	1	G
2258742	C	T	coscolla2021	6.3.3	1	1	C
2259579	T	G	tbprofiler	2.2.1.2	1	1	T
2263798	G	T	coscolla2021	6.3.1	1	1	G
2271143	G	A	tbprofiler	3.1.2.1	1	1	G
2271443	A	G	coscolla2021,tbprofiler	5.1.2	2	1	A
2273627	C	T	tbprofiler	4.6.1	1	1	C
2274339	G	A	coscolla2021	5.1.2	1	1	G
2274524	C	T	coscolla2021	5.1.4	1	1	C
2276817	C	T	coscolla2021	6.3.3	1	1	C
2277979	C	A	coscolla2021	5.2	1	1	C
2278598	T	C	coscolla2021	6.1.2	1	1	T
227976	G	A	coscolla2021	6.1.1	1	1	G
22807	G	T	coscolla2021,tbprofiler	5.2	2	1	G
2285880	C	T	coscolla2021	6.3.2	1	1	C
2286261	G	A	coscolla2021	6.1.1	1	1	G
228731	C	T	tbprofiler	M.bovis	1	1	C
2291628	C	G	coscolla2021	5.2	1	1	C
2292038	G	C	coscolla2021	5.3	1	1	G
230258	C	T	tbprofiler	9	1	1	C
2307121	G	A	coscolla2021	6.3.2	1	1	G
2311357	G	A	tbprofiler	1.1.1.1	1	1	G
231261	G	A	coscolla2021,tbprofiler	5.1.3	2	1	G
2315590	C	T	coscolla2021,tbprofiler	5.1.2	2	1	C
2316912	G	A	freschi2020	4.2.1.2.1.1.i3.2	1	1	G
2320437	G	A	coscolla2021	5.1.2	1	1	G
2326192	C	T	tbprofiler	1.1.1.1	1	1	C
2331061	G	T	tbprofiler	4.6.1.1	1	1	G
2334483	G	A	coscolla2021	6.1.3	1	1	G
2338068	C	T	coscolla2021	6.1.2	1	1	C
2342566	C	A	coscolla2021	6.2.3	1	1	C
234695	G	T	tbprofiler	4.1.3	1	1	G
2356012	G	A	tbprofiler	4.4	1	1	G
2358916	C	T	tbprofiler	4.4	1	1	C
2361311	C	T	coscolla2021	5.1.2	1	1	C
2368509	A	C	coscolla2021	6.1.3	1	1	A
2369118	G	A	tbprofiler	4.6.2.2	1	1	G
2369187	C	T	tbprofiler	1.1.3.2	1	1	C
2369460	G	A	tbprofiler	1.1.3.2	1	1	G
2369971	A	G	tbprofiler	4.6	1	1	A
2376025	T	G	coscolla2021	6.2.2	1	1	T
2377785	C	T	tbprofiler	4.6.1.1	1	1	C
2378813	A	G	tbprofiler	4.7	1	1	A
2382645	G	A	tbprofiler	5.1	1	1	G
2398027	C	T	coscolla2021	6.1.3	1	1	C
24035	G	A	freschi2020	4.2.1.1.1.2.1.2	1	1	G
240754	T	G	coscolla2021,tbprofiler	5.1.3	2	1	T
2408442	G	A	coscolla2021,tbprofiler	6.1.2	2	1	G
2410938	A	T	tbprofiler	4.4.1.2	1	1	A
2410954	G	A	coscolla2021	6.3.2	1	1	G
241119	C	T	coscolla2021	6.2.3	1	1	C
2411730	G	C	mykrobe	4.2	1	1	G
2412584	G	A	tbprofiler	1.1.1.1	1	1	G
2415042	G	T	tbprofiler	3.1.2.2	1	1	G
2416149	T	G	coscolla2021,tbprofiler	5.2	2	1	T
2417281	G	A	napier2020,tbprofiler	4.8.2	2	1	G
2418554	G	A	tbprofiler	1.1.3.2	1	1	G
2420503	A	G	tbprofiler	4.2.2	1	1	A
2420779	T	C	coscolla2021	5.1.5	1	1	T
242138	G	A	coscolla2021	5.1.1	1	1	G
2426317	G	A	freschi2020	4.2.1.1.1.2.1.1.2	1	1	G
2428823	C	T	coscolla2021,tbprofiler	5.1.5	2	1	C
2433086	G	A	coscolla2021	5.2	1	1	G
2440953	G	T	tbprofiler	4.6.1	1	1	G
2443188	G	A	tbprofiler	4.3.4.2	1	1	G
2445468	C	T	coscolla2021	6.1.2	1	1	C
2448598	C	T	coscolla2021	6.3.3	1	1	C
2448862	C	T	coscolla2021	6.3.2	1	1	C
2450245	G	A	tbprofiler	4.1.3	1	1	G
2453400	C		coscolla2021	6.3.2	1	1	C
2453400	C	A	coscolla2021	6.3.2	1	1	C
2453400	C	G	coscolla2021	6.3.2	1	1	C
2454856	C	T	tbprofiler	4.1.1.3	1	1	C
2455103	G	T	coscolla2021	5.3	1	1	G
24663	C	G	coscolla2021	5.1.5	1	1	C
2467098	A	C	tbprofiler	3.1.1	1	1	A
2470627	G	A	tbprofiler	4.3.2.1	1	1	G
2470934	C	A	tbprofiler	1.1.1.1	1	1	C
2473699	C	T	tbprofiler	4.1.2.1	1	1	C
247552	G	A	tbprofiler	6.1.2	1	1	G
2478058	G	T	coscolla2021,tbprofiler	5.1.3	2	1	G
2482888	G	A	tbprofiler	4.2.2	1	1	G
2485234	C	T	coscolla2021,tbprofiler	6.1.3	2	1	C
2485567	G	A	coscolla2021	5.1.5	1	1	G
2485956	G	A	tbprofiler	5	1	1	G
2486342	C	T	tbprofiler	1.2.1.2.1	1	1	C
2488724	C	G	napier2020,tbprofiler	4.1.2.1.1	2	1	C
2494263	G	A	tbprofiler	4.6.1.2	1	1	G
2503539	G	A	coscolla2021	6.1.2	1	1	G
2503625	C	T	tbprofiler	4.3	1	1	C
2505085	G	A	mykrobe,napier2020,tbprofiler	2.2	3	1	G
2507495	C	A	coscolla2021	6.3.2	1	1	C
2508037	C	T	coscolla2021	5.1.5	1	1	C
25139	A	G	tbprofiler	1.1.3.2	1	1	A
2516158	C	G	tbprofiler	4.6.3	1	1	C
2516365	T	C	tbprofiler	4.6.3	1	1	T
252495	G	A	tbprofiler	4.6.3	1	1	G
2527676	G	A	tbprofiler	4.3.4	1	1	G
2528650	A	G	coscolla2021	5.1.4	1	1	A
252900	C	T	tbprofiler	2.2.2	1	1	C
2532502	C	T	coscolla2021	6.3.2	1	1	C
2532616	G	A	mykrobe	2.2.7	1	1	G
2534926	G	C	coscolla2021	6.3.3	1	1	G
253969	G	A	tbprofiler	4.1.1.1	1	1	G
2540351	G	A	coscolla2021	5.1.1	1	1	G
2543943	C	T	coscolla2021	5.1.3	1	1	C
2544132	A	G	coscolla2021	5.1.1	1	1	A
2546350	C	T	coscolla2021,tbprofiler	6.3.3	2	1	C
255225	G	A	tbprofiler	4.1.2.1.1	1	1	G
2556078	G	A	freschi2020	2.2.1.1.1.i1	1	1	G
2562389	G	A	coscolla2021	6.3.2	1	1	G
2563401	T	G	coscolla2021,tbprofiler	6.1.1	2	1	T
2565446	G	A	coscolla2021,tbprofiler	5.1.4	2	1	G
257041	C	T	tbprofiler	4.9.1	1	1	C
2571879	C	T	coscolla2021	6.2.2	1	1	C
2574022	C	T	tbprofiler	4.1	1	1	C
2578618	A	G	coscolla2021	5.1.5	1	1	A
2585306	A	C	coscolla2021	6.2.2	1	1	A
2585858	G	A	tbprofiler	4.1.1.1	1	1	G
2591298	G	T	coscolla2021	5.2	1	1	G
2596543	G	A	coscolla2021	6.3.3	1	1	G
2597696	C	T	tbprofiler	4.5	1	1	C
2598633	A	G	coscolla2021	6.3.3	1	1	A
2599821	C	A	tbprofiler	4.3.4	1	1	C
2602160	G	A	coscolla2021,tbprofiler	6.3.1	2	1	G
2603541	T	C	coscolla2021	5.1.5	1	1	T
2603797	G	A	tbprofiler	4.1.1	1	1	G
2605663	G	T	coscolla2021	6.2.2	1	1	G
260802	C	A	coscolla2021,tbprofiler	5.2	2	1	C
2614031	T	G	tbprofiler	4.3.1.1	1	1	T
261628	G	C	coscolla2021,tbprofiler	5.3	2	1	G
2621058	G	A	freschi2020	4.2.1.2.1.1	1	1	G
2622402	G	A	mykrobe,napier2020,tbprofiler	1.1.2	3	1	G
262868	A	G	tbprofiler	4.8.3	1	1	A
26300	T	C	tbprofiler	4.1.1.2	1	1	T
263057	T	G	tbprofiler	1.2.1.2	1	1	T
2639868	A	G	tbprofiler	1.2.1.2	1	1	A
2640369	G	A	tbprofiler	4.1.2.1.1	1	1	G
2640807	G	A	tbprofiler	2.2.2	1	1	G
2640960	C	T	tbprofiler	1.2.1.1	1	1	C
2641658	A	C	coscolla2021,tbprofiler	6.3.1	2	1	A
2642545	G	C	coscolla2021	5.1.4	1	1	G
264535	C	T	tbprofiler	1.1.3.3	1	1	C
2649855	G	A	tbprofiler	4.3.2	1	1	G
2652797	G	A	coscolla2021	6.3.1	1	1	G
265968	C	G	tbprofiler	4.1.1	1	1	C
266115	C	T	tbprofiler	4.1.1.2	1	1	C
2662814	G	A	coscolla2021	6.2.2	1	1	G
2671061	C	A	tbprofiler	4.1	1	1	C
2671677	C	T	coscolla2021,tbprofiler	6.3.1	2	1	C
2679543	T	C	coscolla2021	6.2.3	1	1	T
2682474	C	T	coscolla2021	5.3	1	1	C
2687224	G	A	coscolla2021	5.1.2	1	1	G
268953	C	T	tbprofiler	M.orygis	1	1	C
2692581	G		coscolla2021	6.1.2	1	1	G
2692581	G	C	coscolla2021	6.1.2	1	1	G
2692581	G	T	coscolla2021	6.1.2	1	1	G
2694560	G	C	mykrobe	4.4.1.2	1	1	G
2698635	C	A	coscolla2021	5.1.4	1	1	C
270362	C	A	tbprofiler	8	1	1	C
2708718	G	A	coscolla2021	5.3	1	1	G
2712331	C	T	coscolla2021	6.3.2	1	1	C
2722598	C	A	coscolla2021	5.1.5	1	1	C
2722669	T	C	coscolla2021	5.1.5	1	1	T
272315	T	C	coscolla2021	5.3	1	1	T
2724782	C	T	tbprofiler	4.1.2.1	1	1	C
272678	C	T	tbprofiler	1	1	1	C
2729340	C	T	coscolla2021	6.3.1	1	1	C
2729453	C	A	tbprofiler	4.3.4.2.1	1	1	C
2729454	C	T	tbprofiler	3.1.2	1	1	C
2737201	A	C	freschi2020,napier2020,tbprofiler	1.2.1.1.1,1.2.1.2.1,1.2.2.1	3	3	A
2737453	A	C	tbprofiler	2.1	1	1	A
2738221	G	A	tbprofiler	3	1	1	G
2738352	C	T	napier2020,tbprofiler	1.1.3.3	2	1	C
2739087	C	T	tbprofiler	4.1.1.3.1	1	1	C
2739166	G	A	coscolla2021	5.3	1	1	G
2744388	G	A	tbprofiler	3.1.1	1	1	G
2748087	G	A	tbprofiler	4.2	1	1	G
274930	G	A	tbprofiler	4.1.1.2	1	1	G
2749452	G	A	tbprofiler	6.2	1	1	G
2750052	G	A	napier2020,tbprofiler	9	2	1	G
2752854	G	A	tbprofiler	4.1.1	1	1	G
27535	A	G	coscolla2021	5.1.5	1	1	A
2755469	G	A	tbprofiler	4.6.4	1	1	G
2758268	C	T	tbprofiler	6.3	1	1	C
2762464	G	A	coscolla2021	5.3	1	1	G
2763624	G	A	freschi2020,napier2020,tbprofiler	1.2.2,1.3	3	2	G
276363	C	T	coscolla2021,tbprofiler	6.1.1	2	1	C
2769860	G	A	coscolla2021	6.1.2	1	1	G
277855	G	A	coscolla2021	5.2	1	1	G
2781383	G	A	coscolla2021	6.2.3	1	1	G
2781384	A	G	tbprofiler	4.6.2.1	1	1	A
278189	T	C	tbprofiler	1.1.1	1	1	T
2782140	G	A	tbprofiler	4.8.3	1	1	G
2782498	G	A	tbprofiler	3	1	1	G
279803	G	T	coscolla2021,tbprofiler	5.1.1	2	1	G
2809250	C	T	tbprofiler	4.8	1	1	C
2809618	C	A	coscolla2021	5.3	1	1	C
2810786	A	C	coscolla2021	5.2	1	1	A
281208	C	T	tbprofiler	1.1	1	1	C
281316	C	T	tbprofiler	4.5	1	1	C
2814961	G	A	tbprofiler	4.3.3	1	1	G
281664	A	G	tbprofiler	4.6.3	1	1	A
2824839	C	T	tbprofiler	4.1.1.1	1	1	C
282486	G	A	tbprofiler	1.2.1.1	1	1	G
2824934	T	C	coscolla2021	5.1.5	1	1	T
2825466	A	G	napier2020,tbprofiler	4	2	1	A
2825581	T	G	tbprofiler	2.2.1	1	1	T
2826039	G	C	tbprofiler	2.2.1.2	1	1	G
282892	C	T	freschi2020,napier2020,tbprofiler	2	3	1	C
2838593	C	T	coscolla2021	5.1.4	1	1	C
2839209	G	A	coscolla2021	5.3	1	1	G
2840849	G	C	tbprofiler	1.2.1.2	1	1	G
28439	T	C	tbprofiler	1.2.1.1	1	1	T
2844014	G	A	tbprofiler	4.1.4	1	1	G
2844689	G	C	tbprofiler	4.3.2.1	1	1	G
284623	G	A	tbprofiler	4.1	1	1	G
2847191	G	A	tbprofiler	1.2.1.1	1	1	G
2847737	G	A	tbprofiler	6	1	1	G
2847994	G	A	freschi2020	4.1.i1.1.2	1	1	G
2849703	G	A	coscolla2021	6.2.3	1	1	G
285096	G	T	napier2020,tbprofiler	1.1.3.2	2	1	G
2852763	C	T	coscolla2021	5.1.5	1	1	C
285330	G	A	coscolla2021	6.3.3	1	1	G
2857875	T	C	coscolla2021	5.1.5	1	1	T
2857876	C	A	coscolla2021	5.1.5	1	1	C
2858835	G	A	freschi2020	4.2.1.2.1.1.i4.2	1	1	G
2859147	C	T	tbprofiler	5	1	1	C
286300	C	A	napier2020,tbprofiler	4.1.1.3.1	2	1	C
2865240	G	A	coscolla2021	5.1.5	1	1	G
2868925	G	A	tbprofiler	4.4	1	1	G
2871251	G	A	tbprofiler	4.1.2.1	1	1	G
2873278	G	T	mykrobe	AnimalA1	1	1	G
2873374	G	A	tbprofiler	4.3.4.2.1	1	1	G
2874344	G	A	mykrobe,napier2020,tbprofiler	3.1.2.2	3	1	G
2875883	C	T	mykrobe,napier2020,tbprofiler	4.6.2.2	3	1	C
2877246	C	T	coscolla2021	5.1.3	1	1	C
2877698	C	T	coscolla2021,tbprofiler	6.3.1	2	1	C
2880685	G	A	coscolla2021	5.1.1	1	1	G
2881124	C	A	coscolla2021	5.1.3	1	1	C
288173	T	C	tbprofiler	3.1.2.2	1	1	T
2882343	C	A	tbprofiler	4.2.1	1	1	C
2884521	A	G	coscolla2021	5.1.1	1	1	A
2891379	A	C	tbprofiler	2.2.1.1	1	1	A
2892168	G	A	tbprofiler	4.7	1	1	G
2893477	G	A	coscolla2021	5.2	1	1	G
2893701	G	A	tbprofiler	4.6.4	1	1	G
2894678	G	A	coscolla2021	6.3.1	1	1	G
2895540	A	T	coscolla2021	6.2.2	1	1	A
2897528	G	A	tbprofiler	1	1	1	G
2897684	A	G	tbprofiler	4.6.2.1	1	1	A
2904568	C	T	coscolla2021	5.2	1	1	C
2905505	G	A	freschi2020,napier2020,tbprofiler	4.2.1.2.2.1,4.4.1	3	2	G
2906978	C	T	tbprofiler	4.1	1	1	C
2907629	G	A	tbprofiler	4.3.2	1	1	G
2912746	C	T	tbprofiler	4.8.2	1	1	C
2913091	C	T	tbprofiler	4.4.2	1	1	C
2914906	G	C	napier2020,tbprofiler	4.8.1	2	1	G
2919532	T	G	tbprofiler	4.6.4	1	1	T
2923264	G	A	tbprofiler	4.2.2.2	1	1	G
2925802	C	T	coscolla2021	6.2.2	1	1	C
292598	C	T	coscolla2021	5.1.5	1	1	C
292634	A	G	tbprofiler	4.8.3	1	1	A
2937479	G	A	coscolla2021	5.1.5	1	1	G
2940052	G	A	coscolla2021,tbprofiler	5.3	2	1	G
294052	C	A	coscolla2021	5.3	1	1	C
294596	T	G	tbprofiler	2.2.2	1	1	T
294775	G	A	coscolla2021	6.1.1	1	1	G
2948794	G	A	coscolla2021	6.1.2	1	1	G
294935	G	A	coscolla2021,tbprofiler	6.2.3	2	1	G
2950061	C	T	coscolla2021	6.1.3	1	1	C
295324	T	C	coscolla2021	5.3	1	1	T
2958570	G	A	tbprofiler	1.2.1.2.1	1	1	G
2964956	T	G	coscolla2021	6.3.3	1	1	T
2967433	T	C	coscolla2021	5.1.5	1	1	T
2967939	T	G	coscolla2021	5.1.5	1	1	T
297396	G	A	tbprofiler	1.2.1.2.1	1	1	G
2980975	G	A	tbprofiler	4.1.1.3.1	1	1	G
2985291	C	T	coscolla2021	6.1.2	1	1	C
298596	G	C	tbprofiler	6.3	1	1	G
2988308	C	A	coscolla2021	6.3.1	1	1	C
2988841	C	G	coscolla2021	6.2.2	1	1	C
2989683	C	T	freschi2020,tbprofiler	1.1	2	1	C
2990241	G	T	tbprofiler	M.caprae	1	1	G
2994187	C	T	tbprofiler	4	1	1	C
2994964	C	T	tbprofiler	1.1.1.1	1	1	C
300111	C	G	tbprofiler	2.1	1	1	C
3005341	A	G	coscolla2021	5.1.1	1	1	A
3007524	G	A	tbprofiler	4.2.2.1	1	1	G
3015966	G	A	tbprofiler	4.6	1	1	G
302010	G	A	coscolla2021	5.3	1	1	G
3021283	G	A	mykrobe	1.1.1	1	1	G
302191	G	T	coscolla2021,tbprofiler	5.1.5	2	1	G
3023684	G	A	tbprofiler	3.1.1	1	1	G
3028658	G	A	tbprofiler	4.6.1.1	1	1	G
303111	G	A	coscolla2021,tbprofiler	6.3.1	2	1	G
30312	C	A	tbprofiler	6.1.2	1	1	C
303414	C	T	tbprofiler	1.2.1	1	1	C
3035112	T	C	coscolla2021	6.1.2	1	1	T
3037136	G	A	tbprofiler	4.3.1	1	1	G
304050	T	C	tbprofiler	1.1.3.1	1	1	T
3041556	T	C	coscolla2021	5.1.2	1	1	T
30475	G	A	coscolla2021	5.2	1	1	G
3048841	G	A	tbprofiler	4.6.4	1	1	G
3053339	T	C	coscolla2021	6.1.3	1	1	T
305346	C	T	tbprofiler	4.1.4	1	1	C
305455	G	A	tbprofiler	1.1.3.1	1	1	G
3056312	C	T	coscolla2021	6.3.2	1	1	C
305707	C	T	coscolla2021	6.2.3	1	1	C
3057262	A	T	coscolla2021	5.3	1	1	A
3058190	C	T	coscolla2021	6.1.2	1	1	C
306113	C	T	tbprofiler	4.8.1	1	1	C
3061189	G	A	coscolla2021	6.1.2	1	1	G
306639	T	C	tbprofiler	4.2.1	1	1	T
3068642	T	G	coscolla2021	6.1.1	1	1	T
3075665	C	A	coscolla2021	5.1.1	1	1	C
3082928	G	A	coscolla2021	6.2.2	1	1	G
3089275	G	A	coscolla2021	6.2.2	1	1	G
3093941	A	G	coscolla2021,tbprofiler	6.3.1	2	1	A
3094181	G	A	tbprofiler	M.caprae	1	1	G
3094577	G	A	tbprofiler	9	1	1	G
3095008	C	T	coscolla2021	6.1.2	1	1	C
3097223	C	T	coscolla2021,tbprofiler	5.1.4	2	1	C
3098483	C	T	coscolla2021	5.3	1	1	C
3106840	G	T	coscolla2021	5.2	1	1	G
3108169	C	A	coscolla2021,tbprofiler	6.2.1	2	1	C
311380	G	C	coscolla2021,tbprofiler	6.2.2	2	1	G
311613	T	G	tbprofiler	4.9	1	1	T
3122267	G	A	coscolla2021	6.3.3	1	1	G
3129359	C	T	tbprofiler	4.1.1	1	1	C
312944	C	T	tbprofiler	4.6	1	1	C
313425	G	T	tbprofiler	1.1.1	1	1	G
3137129	C	A	coscolla2021	5.1.5	1	1	C
3141231	G	A	coscolla2021	6.3.3	1	1	G
3141827	C	G	tbprofiler	4.2.2.2	1	1	C
3142153	C	T	coscolla2021	5.3	1	1	C
314338	A	G	tbprofiler	4.2.1	1	1	A
3147316	G	A	tbprofiler	1.2.2.2	1	1	G
3147376	G	A	tbprofiler	4.4.1	1	1	G
3147511	T	G	tbprofiler	2.2.2	1	1	T
3147742	A	G	freschi2020,napier2020,tbprofiler	4.1.2,4.1.i1.1	3	2	A
3151443	G	A	coscolla2021	6.2.2	1	1	G
3153021	A	T	coscolla2021	6.1.3	1	1	A
3153183	A	G	tbprofiler	6.3	1	1	A
315610	C	A	coscolla2021	5.2	1	1	C
3166081	C	T	coscolla2021	6.3.1	1	1	C
3168967	C	A	tbprofiler	4.8	1	1	C
317045	G	A	tbprofiler	1.1.3	1	1	G
3170460	C	T	tbprofiler	4.6	1	1	C
3172750	T	G	coscolla2021	6.2.2	1	1	T
3173427	G	A	coscolla2021	5.1.5	1	1	G
3185577	T	C	coscolla2021	5.1.5	1	1	T
3190431	G	A	coscolla2021	5.1.5	1	1	G
3191027	G	A	tbprofiler	4.3	1	1	G
3193575	C	T	tbprofiler	5.1	1	1	C
3196536	C	A	coscolla2021	5.1.2	1	1	C
3198496	G	A	tbprofiler	4.2	1	1	G
3202518	G	A	coscolla2021	6.3.2	1	1	G
3204225	G	A	coscolla2021	5.1.5	1	1	G
32047	C	T	coscolla2021	6.1.3	1	1	C
3213255	C	T	tbprofiler	6	1	1	C
3213615	G	A	tbprofiler	4.1.1.2	1	1	G
3214583	C	T	coscolla2021	6.3.3	1	1	C
321558	C	T	tbprofiler	2.1	1	1	C
3216553	G	A	mykrobe	1.1.1.1	1	1	G
3220222	G	A	tbprofiler	4.7	1	1	G
3221030	G	A	coscolla2021	5.2	1	1	G
3222951	C	T	coscolla2021	6.3.3	1	1	C
3223334	G	A	coscolla2021	6.2.3	1	1	G
3231091	C	A	tbprofiler	4.1.1	1	1	C
323526	A	G	tbprofiler	1.1.3.2	1	1	A
3238748	G	A	tbprofiler	4.6.2.1	1	1	G
324	C	G	freschi2020	4.2.1.1.1.2.1.1.1.2	1	1	C
3244674	G	A	tbprofiler	4.3.4.1	1	1	G
324662	C	T	tbprofiler	4.3.1.1	1	1	C
325038	G	A	tbprofiler	4.6	1	1	G
325185	G	A	coscolla2021	6.3.3	1	1	G
3253571	C	T	tbprofiler	4.1.1.3.1	1	1	C
32581	C	T	tbprofiler	4.1.3	1	1	C
3259272	A	C	tbprofiler	4.2.2.1	1	1	A
32597	C	T	coscolla2021	5.1.5	1	1	C
326039	C	T	tbprofiler	4.3.2	1	1	C
3270289	C	A	tbprofiler	4.7	1	1	C
3273107	C	A	mykrobe	3	1	1	C
3273986	C	T	coscolla2021	5.3	1	1	C
32773	G	A	tbprofiler	1.2.2	1	1	G
3285945	C	G	tbprofiler	4.3.4.1	1	1	C
328641	G	T	tbprofiler	4.1.1.3	1	1	G
3287726	G	C	coscolla2021	6.2.2	1	1	G
329079	A	G	tbprofiler	6.3	1	1	A
3293315	C	T	tbprofiler	4.6.2.1	1	1	C
330257	G	T	coscolla2021	6.1.2	1	1	G
3304019	A	G	coscolla2021	6.2.2	1	1	A
3307358	C	A	coscolla2021	6.2.2	1	1	C
3308162	G	A	coscolla2021	6.3.2	1	1	G
3309880	G	A	freschi2020	2.1	1	1	G
3314768	G	A	coscolla2021	5.1.5	1	1	G
3318158	G	A	coscolla2021	5.1.5	1	1	G
3321814	C	T	coscolla2021	5.3	1	1	C
3323665	C	A	tbprofiler	1.2.2.1	1	1	C
3330751	A	G	coscolla2021	5.2	1	1	A
3332626	C	T	tbprofiler	4.6.1.2	1	1	C
3337585	G	A	tbprofiler	1.1.3.3	1	1	G
3338529	G	C	coscolla2021	5.1.4	1	1	G
3347480	G	A	tbprofiler	4.4.1.1	1	1	G
3348128	C	T	coscolla2021,tbprofiler	6.3.3	2	1	C
3348870	G	A	tbprofiler	4.8.1	1	1	G
3349093	G	C	tbprofiler	4.4.1.2	1	1	G
3354625	G	A	tbprofiler	4.6.2.2	1	1	G
3359234	G	A	coscolla2021	6.2.3	1	1	G
3360032	G	A	tbprofiler	4.3.1.1	1	1	G
3360152	C	A	tbprofiler	4.6.2.2	1	1	C
3363401	G	A	coscolla2021,tbprofiler	6.3.3	2	1	G
3367765	A	G	tbprofiler	4.9	1	1	A
3368284	C	T	coscolla2021,tbprofiler	5.1.1	2	1	C
3368415	G	A	coscolla2021,tbprofiler	6.2.2	2	1	G
3370805	G	C	tbprofiler	9	1	1	G
3371401	G	A	tbprofiler	M.bovis	1	1	G
3383966	G	C	tbprofiler	4.2.2	1	1	G
3387252	G	A	tbprofiler	1.2.1.1	1	1	G
3388166	C	G	mykrobe	4.3.2.1	1	1	C
3389922	T	G	tbprofiler	4.8.1	1	1	T
3389975	T	C	freschi2020	1.1.1.2.i1	1	1	T
3390726	C	G	coscolla2021	6.3.2	1	1	C
33938	G	A	coscolla2021	6.2.2	1	1	G
3402590	G	A	tbprofiler	6.1.2	1	1	G
3404883	G	A	tbprofiler	4.8.2	1	1	G
3405478	G	A	coscolla2021	6.1.3	1	1	G
34063	C	T	coscolla2021	5.1.1	1	1	C
3413117	G	A	coscolla2021	5.1.1	1	1	G
3414553	G	A	tbprofiler	9	1	1	G
3414791	G	C	freschi2020,napier2020,tbprofiler	4.2.1.2.1.1.i1,4.3.2	3	2	G
3416734	G	A	tbprofiler	4.2.2.2	1	1	G
3418330	G	A	tbprofiler	4.3	1	1	G
3419560	C	T	tbprofiler	4.4	1	1	C
342201	C	G	freschi2020,napier2020,tbprofiler	4.2.1.2.2.1.2,4.4.1.2	3	2	C
3423184	C	T	tbprofiler	4.3.3	1	1	C
342340	C	T	napier2020,tbprofiler	4.1.2.1	2	1	C
342873	C	T	freschi2020,napier2020,tbprofiler	3	3	1	C
343092	C	T	tbprofiler	3.1.2.2	1	1	C
3430978	C	T	coscolla2021	6.3.2	1	1	C
343314	C	T	tbprofiler	8	1	1	C
3433140	G	A	coscolla2021,tbprofiler	6.3.3	2	1	G
344288	C	G	tbprofiler	1	1	1	C
344414	G	C	tbprofiler	8	1	1	G
345317	G	C	tbprofiler	5	1	1	G
3453202	C	T	coscolla2021	5.1.1	1	1	C
345697	C	T	tbprofiler	4.4.1.2	1	1	C
34605	C	A	tbprofiler	3.1.2	1	1	C
3463331	G	C	coscolla2021	6.3.2	1	1	G
3464053	G	A	tbprofiler	4.1.1.1	1	1	G
346486	C	T	freschi2020	4.2.1.1.1.2.2.2	1	1	C
3466426	G	A	mykrobe	4.6	1	1	G
346693	G	T	mykrobe,napier2020,tbprofiler	2.2.1,2.2.2	3	2	G
346898	C	T	tbprofiler	3.1.2.2	1	1	C
3469342	C	A	coscolla2021	6.2.2	1	1	C
3469694	G	T	tbprofiler	4.2	1	1	G
3470377	C	T	mykrobe	1.2.2	1	1	C
3471151	G	A	tbprofiler	4.2.1	1	1	G
3472901	A	C	coscolla2021	5.1.2	1	1	A
3477201	C	T	coscolla2021	6.1.1	1	1	C
3479545	C	A	mykrobe	1.2.1	1	1	C
347977	A	C	tbprofiler	8	1	1	A
3485515	G	A	coscolla2021	6.1.2	1	1	G
3485911	C	T	coscolla2021	6.3.3	1	1	C
3488064	G	A	coscolla2021	6.3.1	1	1	G
3488116	C	T	coscolla2021	6.3.1	1	1	C
3488132	G	A	coscolla2021	6.2.2	1	1	G
3488812	C	T	coscolla2021,tbprofiler	6.1.1	2	1	C
349081	G	A	tbprofiler	7	1	1	G
3497369	G	A	tbprofiler	4.2.2.2	1	1	G
3498198	C	T	tbprofiler	2.2.1	1	1	C
3504930	C	T	tbprofiler	4.3.4.2	1	1	C
3506966	C	T	coscolla2021	5.1.5	1	1	C
352268	C	T	freschi2020	3.2.1	1	1	C
352646	G	A	tbprofiler	5	1	1	G
353766	T	C	freschi2020,napier2020,tbprofiler	4.2.2,4.2.2.1	3	2	T
353767	C	T	tbprofiler	4.2.2	1	1	C
354157	C	T	freschi2020	4.1.i2.1	1	1	C
354234	G	A	coscolla2021,tbprofiler	5.2	2	1	G
3543795	C	T	coscolla2021	5.1.5	1	1	C
3546304	G	A	coscolla2021	6.2.2	1	1	G
3551154	A	G	coscolla2021	6.3.3	1	1	A
355181	G	A	freschi2020,mykrobe,napier2020,tbprofiler	4.2.1.2.2.1.1,4.4.1.1	4	2	G
3557911	C	T	tbprofiler	3.1.2.1	1	1	C
3562270	G	C	tbprofiler	4.6.1.1	1	1	G
356645	G	A	coscolla2021	5.1.1	1	1	G
3570528	C	G	mykrobe	4.6.2.1	1	1	C
3575552	G	A	tbprofiler	4.1.1.3.1	1	1	G
3575946	T	G	coscolla2021	5.1.5	1	1	T
3579166	C	G	tbprofiler	4.2.2.1	1	1	C
3580670	G	T	coscolla2021,tbprofiler	5.1.1	2	1	G
3597968	T	C	coscolla2021	6.2.3	1	1	T
3598708	C	A	coscolla2021	6.2.3	1	1	C
3600578	A	G	coscolla2021	5.1.5	1	1	A
3603865	C	T	coscolla2021,tbprofiler	6.1.2	2	1	C
3606857	G	A	coscolla2021	6.3.1	1	1	G
3607167	G	T	coscolla2021	6.1.2	1	1	G
3608514	G	A	tbprofiler	4.4	1	1	G
3610705	G	A	coscolla2021	5.1.1	1	1	G
361145	T	C	tbprofiler	4.4.1.1	1	1	T
3612009	C	T	tbprofiler	4.3.4	1	1	C
3613354	C	A	coscolla2021	6.3.1	1	1	C
3613591	C	T	coscolla2021	5.1.4	1	1	C
3614879	C	A	coscolla2021	6.3.2	1	1	C
3619854	A	G	tbprofiler	1.2.1.2.1	1	1	A
3625813	G	A	coscolla2021	6.2.2	1	1	G
3628520	G	A	freschi2020	2.2	1	1	G
3629291	A	G	tbprofiler	3.1.2.2	1	1	A
3629612	G	A	tbprofiler	1.2.1.2	1	1	G
3629980	G	A	coscolla2021	5.3	1	1	G
363375	C	T	coscolla2021	6.2.3	1	1	C
363464	G	A	tbprofiler	2.2	1	1	G
363781	C	T	coscolla2021	5.1.2	1	1	C
3639404	G	A	coscolla2021	6.2.1	1	1	G
3643392	C	T	tbprofiler	4.3.3	1	1	C
364496	C	T	coscolla2021	5.1.1	1	1	C
3646964	C	G	tbprofiler	4.2.1	1	1	C
3661026	C	T	coscolla2021	6.2.2	1	1	C
3664135	G	A	tbprofiler	4.4.1	1	1	G
3665212	C	A	coscolla2021	6.3.3	1	1	C
3666905	C	T	tbprofiler	4.2	1	1	C
3668244	G	T	coscolla2021	5.1.1	1	1	G
3669232	G	A	coscolla2021	6.2.2	1	1	G
3671022	C	A	coscolla2021	6.2.3	1	1	C
3681257	C	G	coscolla2021	6.2.2	1	1	C
3681310	G	A	coscolla2021	6.2.2	1	1	G
3692024	G	C	coscolla2021	6.3.3	1	1	G
3714536	G	T	coscolla2021	6.3.1	1	1	G
3722037	C	T	coscolla2021	6.3.2	1	1	C
3722702	G	C	mykrobe,napier2020,tbprofiler	3.1.2	3	1	G
37241	G	A	tbprofiler	6.2	1	1	G
3784856	G	A	coscolla2021	5.3	1	1	G
3787156	G	A	tbprofiler	1.2.2.1	1	1	G
3788386	G	A	coscolla2021	5.1.5	1	1	G
3793929	C	G	coscolla2021	5.2	1	1	C
3798451	C	G	mykrobe	4.1.1	1	1	C
3812237	G	A	coscolla2021	6.1.2	1	1	G
3813473	G	A	tbprofiler	4.4.1	1	1	G
3814478	C	A	coscolla2021	5.2	1	1	C
3823159	T	A	tbprofiler	4.9	1	1	T
3823314	G	A	coscolla2021	6.3.2	1	1	G
3823834	C	A	coscolla2021	6.3.3	1	1	C
3830695	G	A	tbprofiler	4	1	1	G
383081	A	G	tbprofiler	4.4.1.1	1	1	A
3834623	G	A	coscolla2021	6.1.1	1	1	G
3836739	G	A	tbprofiler	4.8	1	1	G
3855303	G	A	tbprofiler	9	1	1	G
3857109	T	C	coscolla2021	5.1.1	1	1	T
3859013	G	A	coscolla2021	5.1.2	1	1	G
3862148	G	A	tbprofiler	6	1	1	G
3862181	C	T	tbprofiler	1.2.1.2	1	1	C
3863545	G	A	tbprofiler	4.8.3	1	1	G
3865539	G	C	tbprofiler	4.1.1.3.1	1	1	G
3868024	A	T	coscolla2021	6.3.2	1	1	A
3873801	G	A	coscolla2021	5.1.5	1	1	G
3879882	G	A	tbprofiler	1.1.2	1	1	G
3886547	C	G	coscolla2021	5.3	1	1	C
3886617	C	G	coscolla2021	6.2.3	1	1	C
3886878	T	C	tbprofiler	4.4.2	1	1	T
3893139	G	A	coscolla2021,tbprofiler	5.1.4	2	1	G
3903740	G	A	coscolla2021	6.3.2	1	1	G
390576	G	C	coscolla2021	5.1.4	1	1	G
3907350	C	T	coscolla2021	5.1.1	1	1	C
39158	C	G	tbprofiler	2	1	1	C
3918067	T	C	coscolla2021,tbprofiler	6.1.1	2	1	T
3920632	T	C	coscolla2021	5.2	1	1	T
3922935	C	T	coscolla2021	6.3.2	1	1	C
3937701	C	T	coscolla2021	6.3.2	1	1	C
393780	T	G	tbprofiler	4.3.4.1	1	1	T
3938101	G	A	coscolla2021	6.1.2	1	1	G
394922	G	T	tbprofiler	4.9.1	1	1	G
3955404	G	A	coscolla2021,tbprofiler	6.1.1	2	1	G
3961758	A	G	coscolla2021	6.1.2	1	1	A
3966993	G	A	coscolla2021	6.3.1	1	1	G
3977226	G	A	mykrobe	4.3.4	1	1	G
3980030	C	G	coscolla2021	6.2.2	1	1	C
3985424	C	T	coscolla2021	6.3.2	1	1	C
4001041	G	A	coscolla2021,tbprofiler	6.2.1	2	1	G
4004036	C	T	tbprofiler	4.4	1	1	C
4004849	G	A	coscolla2021	6.1.3	1	1	G
4010974	A	C	coscolla2021	5.1.1	1	1	A
4015355	C	T	coscolla2021	5.1.5	1	1	C
4019069	T	C	coscolla2021	5.3	1	1	T
4020074	C	T	coscolla2021	5.1.1	1	1	C
4020452	C	A	coscolla2021	6.3.3	1	1	C
4021200	C	T	coscolla2021	5.1.3	1	1	C
402427	T	C	coscolla2021	5.1.5	1	1	T
4024368	C	T	tbprofiler	1.2.1.2	1	1	C
4028292	C	T	tbprofiler	4.8	1	1	C
4030983	C	A	coscolla2021	5.2	1	1	C
403364	G	A	mykrobe	4.3.3	1	1	G
403481	C	T	napier2020,tbprofiler	1.1.3.1	2	1	C
403920	C	T	tbprofiler	4.3.3	1	1	C
4043365	G	T	tbprofiler	4.3.4.2	1	1	G
4044872	G	A	freschi2020	3.1	1	1	G
4047700	G	A	coscolla2021	5.1.5	1	1	G
4047843	C	T	tbprofiler	4.3.1	1	1	C
4051663	C	T	tbprofiler	4.6.4	1	1	C
4052920	C	G	coscolla2021	5.3	1	1	C
4053713	C	G	tbprofiler	3.1.2.1	1	1	C
405404	C	T	freschi2020	1.2.1.1.2	1	1	C
4054364	C	T	tbprofiler	1.1	1	1	C
4055217	G	A	coscolla2021,tbprofiler	6.1.3	2	1	G
406389	G	A	tbprofiler	1.1	1	1	G
4064552	T	G	coscolla2021,tbprofiler	6.1.2	2	1	T
4064690	C		coscolla2021	5.1.5	1	1	C
4064690	C	A	coscolla2021	5.1.5	1	1	C
4064690	C	T	coscolla2021	5.1.5	1	1	C
4065300	G	T	tbprofiler	3.1.1	1	1	G
4067764	C	T	coscolla2021	6.1.2	1	1	C
4072805	C	A	coscolla2021	5.1.1	1	1	C
4080525	C	T	tbprofiler	2.2.1.1	1	1	C
4084405	G	A	tbprofiler	1.1.3.2	1	1	G
4085887	C	T	coscolla2021	5.2	1	1	C
4086	G	T	mykrobe	2.2.9	1	1	G
4086697	G	T	tbprofiler	6	1	1	G
4091562	T	G	coscolla2021	6.2.2	1	1	T
4101841	G	A	coscolla2021	6.3.2	1	1	G
4112595	G	A	tbprofiler	4.7	1	1	G
4125058	G	C	mykrobe	4.6.2	1	1	G
4125311	C	T	coscolla2021	5.2	1	1	C
4127646	G	A	tbprofiler	6.1.3	1	1	G
4132949	C	T	tbprofiler	3.1.2	1	1	C
4151558	G	A	mykrobe	4.4.1	1	1	G
4152890	G	A	freschi2020	4.2.1.1.2	1	1	G
4153340	G	A	freschi2020	2.2.1.1.2	1	1	G
4154051	G	A	tbprofiler	4.1.1.3	1	1	G
4154816	G	A	tbprofiler	1.1.3.2	1	1	G
4155050	G	A	freschi2020	4.2.1.1.1.2.2.1	1	1	G
4156659	G	A	coscolla2021	6.3.1	1	1	G
415693	G	A	tbprofiler	3.1.3	1	1	G
4157259	G	A	tbprofiler	1.1.2	1	1	G
4158493	C	T	tbprofiler	2.2.1	1	1	C
4162265	C	A	coscolla2021	5.3	1	1	C
4163880	G	A	coscolla2021	5.3	1	1	G
4165205	C	T	tbprofiler	4.9.1	1	1	C
4165481	G	C	tbprofiler	2.1	1	1	G
4170990	G	A	coscolla2021,tbprofiler	6.2.3	2	1	G
417288	C	T	coscolla2021	6.2.2	1	1	C
4180840	G	A	coscolla2021	5.1.1	1	1	G
4181975	G	A	coscolla2021	5.2	1	1	G
4183413	G	C	coscolla2021	5.3	1	1	G
4192677	G	A	tbprofiler	6.1.1	1	1	G
4194664	A	G	coscolla2021	6.2.2	1	1	A
419744	A	C	coscolla2021	6.1.1	1	1	A
4198060	T	C	tbprofiler	6.1.3	1	1	T
4199739	G	T	tbprofiler	4.2.1	1	1	G
420008	G	A	napier2020,tbprofiler	4.9	2	1	G
4200580	C	T	coscolla2021	5.1.1	1	1	C
4200993	T	G	tbprofiler	1.2.2.2	1	1	T
420308	C	T	tbprofiler	6.2	1	1	C
4203242	G	A	coscolla2021	5.1.5	1	1	G
4206	C	T	tbprofiler	4.1.3	1	1	C
4209894	G	T	coscolla2021	5.1.3	1	1	G
4214841	G	A	coscolla2021	5.2	1	1	G
4215467	G	A	freschi2020	4.2.1.1.1.2.2	1	1	G
4219700	G	A	coscolla2021	6.1.3	1	1	G
4228101	C	T	tbprofiler	4.1.3	1	1	C
422879	G	A	tbprofiler	4.2.1	1	1	G
4229087	C	T	mykrobe,napier2020,tbprofiler	4.1.1.3	3	1	C
4229470	T	C	tbprofiler	M.bovis	1	1	T
423334	G	A	tbprofiler	1.1	1	1	G
4236891	C	A	tbprofiler	6	1	1	C
4236903	G	A	napier2020,tbprofiler	4.6.4	2	1	G
4237383	C	A	tbprofiler	1.2.1.2	1	1	C
4237467	C	G	coscolla2021	6.2.2	1	1	C
4237703	A	G	freschi2020	1.2.1.2	1	1	A
4238120	G	A	tbprofiler	1.2.2	1	1	G
4238675	C	T	freschi2020	2.2.1.1.1.i3	1	1	C
4238963	C	T	freschi2020,tbprofiler	4.2.1.2.2,4.4	2	2	C
4246508	G	A	mykrobe	4.4.2	1	1	G
4248115	C	T	mykrobe	2.2.6	1	1	C
4251173	G	A	coscolla2021	6.2.2	1	1	G
4254431	G	A	tbprofiler	2	1	1	G
4256758	G	C	tbprofiler	4.1.2.1	1	1	G
4260268	G	C	mykrobe,napier2020,tbprofiler	4.6.1	3	1	G
4260742	G	A	freschi2020,napier2020,tbprofiler	4.2.1.1.1.2.1.1.1,4.6.2	3	2	G
4262494	C	T	coscolla2021	6.1.3	1	1	C
4263527	G	A	coscolla2021	6.3.2	1	1	G
4266226	T	C	coscolla2021	6.1.1	1	1	T
4268186	G	A	coscolla2021,tbprofiler	6.3.2	2	1	G
4268477	G	A	tbprofiler	6.3	1	1	G
4268525	C	G	tbprofiler	6.1.2	1	1	C
4269540	G	A	tbprofiler	4.1.1.3.1	1	1	G
4270363	C	T	coscolla2021	5.1.5	1	1	C
4272744	G	A	freschi2020	3.1.1.i1	1	1	G
4273842	A	C	tbprofiler	4.3.4.2.1	1	1	A
4286156	T	C	tbprofiler	1.1	1	1	T
4286621	G	C	coscolla2021	5.1.1	1	1	G
4294320	C	G	tbprofiler	6.1.1	1	1	C
4298106	C	A	tbprofiler	4.2.2.2	1	1	C
4304136	G	A	coscolla2021	6.3.1	1	1	G
4307886	G	A	mykrobe,napier2020,tbprofiler	4.4	3	1	G
4308395	G	A	tbprofiler	2	1	1	G
4313202	C	T	coscolla2021	5.2	1	1	C
4314927	C	T	coscolla2021	6.3.2	1	1	C
4316114	G	A	mykrobe	4.3.2	1	1	G
4321126	G	A	coscolla2021	6.1.3	1	1	G
4324633	A	G	coscolla2021	5.1.2	1	1	A
4331585	G	A	tbprofiler	4.1.2.1	1	1	G
4332755	C	T	coscolla2021,tbprofiler	6.2.3	2	1	C
4333831	A	G	coscolla2021	5.1.5	1	1	A
4336740	C	G	coscolla2021	5.3	1	1	C
4341508	C	T	coscolla2021	6.2.2	1	1	C
4344210	T	G	coscolla2021	5.2	1	1	T
4350657	G	A	coscolla2021	5.1.1	1	1	G
435190	C	T	tbprofiler	4.1.2	1	1	C
4355124	G	A	coscolla2021	6.2.3	1	1	G
4356371	G	C	coscolla2021	5.3	1	1	G
435708	G	A	freschi2020,tbprofiler	4.2.1.1.1.2.2.1.1.1,4.6.1	2	2	G
436203	C	G	coscolla2021,tbprofiler	6.2.2	2	1	C
4365852	C	G	coscolla2021	5.2	1	1	C
4373475	C	G	tbprofiler	4.3.4.2	1	1	C
4374139	G	A	coscolla2021	6.2.2	1	1	G
4380236	T	G	tbprofiler	4.3.4.2.1	1	1	T
4380816	G	A	coscolla2021	5.2	1	1	G
4382534	T	C	coscolla2021,tbprofiler	5.1.4	2	1	T
4384943	G	A	coscolla2021	5.3	1	1	G
4389017	G	A	coscolla2021	6.3.1	1	1	G
4390753	C	G	tbprofiler	4.3.3	1	1	C
4390952	T	C	coscolla2021	5.2	1	1	T
4391579	C	G	tbprofiler	4.7	1	1	C
4391663	G	A	tbprofiler	4.1.4	1	1	G
4392120	G	A	tbprofiler	4.4.1.2	1	1	G
4392294	G	A	coscolla2021	5.1.5	1	1	G
4396495	C	A	tbprofiler	3	1	1	C
4398141	G	A	mykrobe	4.3.4.1	1	1	G
4401755	G	A	coscolla2021	6.2.2	1	1	G
4402048	C	T	tbprofiler	1.2.1.1	1	1	C
4404247	G	A	mykrobe,napier2020,tbprofiler	1.1	3	1	G
4404313	G	A	tbprofiler	4.1.2.1.1	1	1	G
4406749	G	A	napier2020,tbprofiler	4.6.1.1	2	1	G
4409231	T	G	mykrobe	4.1.3	1	1	T
441823	C	T	freschi2020	2.2.1.1	1	1	C
442072	C	A	tbprofiler	8	1	1	C
443277	A	C	tbprofiler	4.1.2	1	1	A
446165	G	C	tbprofiler	4.1.2	1	1	G
44812	G	T	napier2020,tbprofiler	M.orygis	2	1	G
449194	G	A	tbprofiler	2.2.2	1	1	G
449704	C	T	tbprofiler	4.8.1	1	1	C
45073	G	A	freschi2020	4.2.1.2.2.2	1	1	G
455759	T	G	tbprofiler	4.4.1.1.1	1	1	T
457032	T	C	tbprofiler	4.3.2.1	1	1	T
457392	G	A	tbprofiler	3.1.3	1	1	G
458048	A	C	coscolla2021,tbprofiler	6.3.2	2	1	A
461439	G	A	coscolla2021,tbprofiler	6.3.1	2	1	G
463503	G	A	coscolla2021	6.2.2	1	1	G
464958	C	T	tbprofiler	5.1	1	1	C
465300	C	T	tbprofiler	2.2	1	1	C
465562	C	T	coscolla2021	6.3.2	1	1	C
465837	G	A	tbprofiler	1.2.1.1	1	1	G
465864	C	T	tbprofiler	6.2	1	1	C
47099	A	T	coscolla2021	5.3	1	1	A
472124	C	T	tbprofiler	1.2.1.1	1	1	C
472224	T	A	coscolla2021	6.2.2	1	1	T
472898	G	A	tbprofiler	5.1.1	1	1	G
47699	G	A	tbprofiler	4.3.2	1	1	G
479632	G	T	tbprofiler	4.3.3	1	1	G
47978	C	T	coscolla2021,tbprofiler	6.2.2	2	1	C
481569	G	A	tbprofiler	4.2.1.1	1	1	G
483489	G	A	tbprofiler	1.2.2	1	1	G
485434	G	A	tbprofiler	4.1.4	1	1	G
485633	C	G	coscolla2021	6.2.2	1	1	C
488689	C	T	coscolla2021	6.3.2	1	1	C
488778	C	T	freschi2020	4.2.1.2.1.1.i2	1	1	C
488796	G	A	tbprofiler	4.6.1	1	1	G
489024	C	T	tbprofiler	5.1	1	1	C
489240	A	G	tbprofiler	2.1	1	1	A
490376	C	T	coscolla2021,tbprofiler	6.3.2	2	1	C
49079	C	G	tbprofiler	4.6.2	1	1	C
492769	G	T	coscolla2021,tbprofiler	5.1.5	2	1	G
495104	C	T	tbprofiler	4.1.1.2	1	1	C
495692	G	A	tbprofiler	6.2.3	1	1	G
497491	G	A	mykrobe,tbprofiler	2	2	1	G
498010	T	C	tbprofiler	1.1.2	1	1	T
498531	G	A	tbprofiler	4	1	1	G
500710	G	A	tbprofiler	M.orygis	1	1	G
501615	C	G	freschi2020	4.1.i1.2	1	1	C
504324	G	C	coscolla2021	5.2	1	1	G
506386	T	C	tbprofiler	4.4.1.1	1	1	T
507669	G	A	coscolla2021	6.2.2	1	1	G
511350	G	A	coscolla2021,tbprofiler	5.3	2	1	G
514115	T	C	coscolla2021	6.2.3	1	1	T
514245	C	T	napier2020,tbprofiler	4.1.1	2	1	C
522053	C	A	tbprofiler	2.1	1	1	C
528781	G	A	napier2020,tbprofiler	1.2.1.2,1.2.2	2	2	G
529363	C	T	freschi2020,napier2020,tbprofiler	1.1.1,1.1.1.1	3	2	C
533547	C	G	tbprofiler	2.2.1	1	1	C
534205	C	T	tbprofiler	5.1	1	1	C
534691	C	T	tbprofiler	4.3	1	1	C
535695	C	T	tbprofiler	4.3.3	1	1	C
541048	T	G	mykrobe,tbprofiler	4.1.1.2	2	1	T
541201	G	A	tbprofiler	4.9	1	1	G
541869	C	T	coscolla2021,tbprofiler	6.2.2	2	1	C
54304	C	T	tbprofiler	4.6	1	1	C
545117	C	A	tbprofiler	4.8.1	1	1	C
546357	G	A	tbprofiler	4	1	1	G
546878	G	A	coscolla2021	5.1.1	1	1	G
550573	A	C	tbprofiler	4.3.4.2.1	1	1	A
550976	T	G	coscolla2021,tbprofiler	5.1.2	2	1	T
551419	C	G	tbprofiler	4.1.4	1	1	C
551999	C	T	coscolla2021	6.2.2	1	1	C
552361	G	A	tbprofiler	1.2.2	1	1	G
554493	C	A	tbprofiler	5.1	1	1	C
556961	G	T	tbprofiler	4.9.1	1	1	G
558289	C	A	coscolla2021	5.1.5	1	1	C
559350	G	A	tbprofiler	1.1.2	1	1	G
561021	G	A	tbprofiler	4.6.2	1	1	G
561984	C	T	coscolla2021	6.3.3	1	1	C
56604	C	A	tbprofiler	4.4.1.2	1	1	C
567446	G	A	tbprofiler	1.1.2	1	1	G
569045	C	T	tbprofiler	1.1.2	1	1	C
57162	C	T	coscolla2021,tbprofiler	5.1.5	2	1	C
571943	G	A	tbprofiler	4.3.4	1	1	G
573264	C	T	coscolla2021	6.3.1	1	1	C
576077	C	T	tbprofiler	4.2.2	1	1	C
578032	C	T	tbprofiler	4.6.1.2	1	1	C
582221	T	C	tbprofiler	M.bovis	1	1	T
587305	C	T	coscolla2021	5.1.3	1	1	C
58786	G	C	napier2020,tbprofiler	4.1.4	2	1	G
590250	G	T	tbprofiler	4.1.4	1	1	G
590595	G	A	napier2020,tbprofiler	1.2.1,1.2.1.1	2	2	G
59181	C	T	tbprofiler	M.orygis	1	1	C
594027	C	T	tbprofiler	4.1.1.2	1	1	C
596475	C	T	tbprofiler	1.2.2.2	1	1	C
599577	C	T	coscolla2021,tbprofiler	6.1.2	2	1	C
599868	G	A	tbprofiler	4	1	1	G
60297	T	C	tbprofiler	1.2.2.1	1	1	T
606376	G	A	tbprofiler	4.6.3	1	1	G
608179	C	T	tbprofiler	4.1.1.2	1	1	C
609254	C	T	tbprofiler	4.2.1	1	1	C
611463	G	A	napier2020,tbprofiler	4.2.2.2	2	1	G
615614	C	A	mykrobe	4.3.1	1	1	C
615938	G	A	mykrobe,napier2020,tbprofiler	1	3	1	G
616408	C	G	napier2020,tbprofiler	4.8.3	2	1	C
617988	G	T	coscolla2021,tbprofiler	5.1.4	2	1	G
61799	C	T	coscolla2021	5.1.5	1	1	C
61842	T	C	freschi2020,napier2020,tbprofiler	1.2.2.1,1.2.2.2,1.3.2	3	3	T
620029	C	T	napier2020,tbprofiler	4.5	2	1	C
622547	C	T	tbprofiler	4.6.3	1	1	C
62657	G	A	freschi2020,mykrobe,napier2020,tbprofiler	4.1	4	1	G
62768	A	G	napier2020,tbprofiler	M.bovis	2	1	A
632330	G	T	tbprofiler	4.3.4.2	1	1	G
633631	C	T	tbprofiler	1.1.3.3	1	1	C
634575	T	C	coscolla2021	6.3.2	1	1	T
635139	G	C	freschi2020	3.1.1	1	1	G
637730	C	T	tbprofiler	4.1.2.1	1	1	C
638212	G	T	tbprofiler	4.2.1.1	1	1	G
63850	T	C	freschi2020	3.2	1	1	T
64028	C	T	freschi2020	1	1	1	C
64325	G	A	freschi2020	4.1.i2.2	1	1	G
646243	T	C	tbprofiler	4.3.2	1	1	T
646531	A	T	tbprofiler	1	1	1	A
648465	A	G	napier2020,tbprofiler	2.1	2	1	A
649585	G	A	mykrobe	M.caprae	1	1	G
649844	C	T	freschi2020	2.2.1.2	1	1	C
651772	C	A	tbprofiler	4.4.1	1	1	C
652950	T	C	tbprofiler	3	1	1	T
65432	C	A	coscolla2021	5.1.1	1	1	C
654996	C	T	tbprofiler	1.2.1	1	1	C
656298	C	G	tbprofiler	6.2.3	1	1	C
65811	C	T	tbprofiler	6.1.1	1	1	C
662911	C	T	tbprofiler	4	1	1	C
663077	G	A	coscolla2021,tbprofiler	6.2.3	2	1	G
664343	G	C	coscolla2021	5.2	1	1	G
665902	G	T	tbprofiler	6.2	1	1	G
666745	G	A	tbprofiler	4.8.2	1	1	G
670804	G	A	coscolla2021,tbprofiler	6.3.2	2	1	G
671385	C	G	tbprofiler	2.2.1.1	1	1	C
67813	G	A	tbprofiler	1.2.1.1	1	1	G
67969	C	T	tbprofiler	1.1.3.3	1	1	C
681313	C	T	tbprofiler	4.8.2	1	1	C
68227	G	T	tbprofiler	6.3	1	1	G
685578	C	A	tbprofiler	1.1.3.1	1	1	C
685869	G	A	tbprofiler	4.6.1	1	1	G
68688	C	T	tbprofiler	4.4.1.1.1	1	1	C
687189	C	G	tbprofiler	4.1.3	1	1	C
688748	G	A	coscolla2021	6.3.1	1	1	G
688749	G	A	coscolla2021	6.3.1	1	1	G
689300	G	T	coscolla2021	5.3	1	1	G
690951	T	G	coscolla2021	6.3.2	1	1	T
69342	G	A	tbprofiler	4.6.2.2	1	1	G
693521	G	T	tbprofiler	9	1	1	G
69873	C	A	tbprofiler	4.1.1.1	1	1	C
69984	C	A	tbprofiler	3	1	1	C
701867	C	T	tbprofiler	1.1.1	1	1	C
703722	C	G	tbprofiler	4.1.1.3.1	1	1	C
705062	G	C	tbprofiler	4.4.1.1	1	1	G
705570	C	T	tbprofiler	1.1	1	1	C
705595	C	T	tbprofiler	4.3.2	1	1	C
706809	C	T	coscolla2021	6.2.3	1	1	C
708999	G	A	coscolla2021	5.3	1	1	G
709493	G	T	tbprofiler	4.8.3	1	1	G
709657	T	C	coscolla2021,tbprofiler	5.1.4	2	1	T
711155	G	A	tbprofiler	1.1.2	1	1	G
71499	G	T	coscolla2021,tbprofiler	5.1.5	2	1	G
715517	C	T	coscolla2021,tbprofiler	5.1.1	2	1	C
71636	C	T	coscolla2021,tbprofiler	5.1.2	2	1	C
716918	G	A	napier2020,tbprofiler	4.7	2	1	G
717612	C	T	coscolla2021	6.2.2	1	1	C
717879	G	A	tbprofiler	1.2.2.1	1	1	G
720409	A	G	coscolla2021	6.2.2	1	1	A
721208	C	T	tbprofiler	M.bovis	1	1	C
721322	G	A	coscolla2021	6.3.2	1	1	G
721581	A	G	coscolla2021,tbprofiler	5.1.2	2	1	A
723565	G	C	tbprofiler	4.1.3	1	1	G
724339	C	T	tbprofiler	4.1.3	1	1	C
729357	C	T	tbprofiler	1.2.2.2	1	1	C
731015	A	G	tbprofiler	2.2.1.1	1	1	A
732061	C	T	tbprofiler	5.1.5	1	1	C
734562	G	A	napier2020,tbprofiler	4.6.3	2	1	G
738603	C	T	tbprofiler	1.1.3.1	1	1	C
738837	G	T	tbprofiler	2.2.1.2	1	1	G
740855	G	C	tbprofiler	4.1.2.1.1	1	1	G
742270	G	T	tbprofiler	8	1	1	G
745876	C	G	tbprofiler	1.1	1	1	C
748320	G	A	tbprofiler	M.orygis	1	1	G
748923	C	T	tbprofiler	4.8.3	1	1	C
74956	T	C	tbprofiler	4.2.2	1	1	T
751213	T	G	coscolla2021	6.1.1	1	1	T
753088	C	T	tbprofiler	4.4	1	1	C
755868	C	G	coscolla2021	6.2.2	1	1	C
756568	G	A	tbprofiler	6.2	1	1	G
758122	C	T	tbprofiler	4.6.3	1	1	C
767673	C	T	coscolla2021	6.3.1	1	1	C
768998	G	C	coscolla2021	6.1.3	1	1	G
771654	A	G	coscolla2021,tbprofiler	5.3	2	1	A
771723	G	A	coscolla2021,tbprofiler	6.3.2	2	1	G
772803	C	G	tbprofiler	4.3.1.1	1	1	C
772896	G	A	tbprofiler	M.bovis	1	1	G
773809	G	A	tbprofiler	4.3	1	1	G
778298	C	T	tbprofiler	4.6.2	1	1	C
780175	A	C	coscolla2021	5.1.2	1	1	A
78093	G	A	tbprofiler	6.3	1	1	G
78139	G	C	coscolla2021	5.1.1	1	1	G
782398	C	G	coscolla2021	5.1.1	1	1	C
782634	A	G	mykrobe	2.2.4	1	1	A
782977	A	G	coscolla2021	5.1.5	1	1	A
783601	A	C	freschi2020,mykrobe,napier2020,tbprofiler	4.2.1,4.2.2.2	4	2	A
784143	A	C	tbprofiler	7	1	1	A
784440	G	T	freschi2020,napier2020,tbprofiler	4.2.1.2.1.1.i3.1,4.3.4.2	3	2	G
784450	C	T	freschi2020	1.1.1.1.1	1	1	C
784581	G	C	napier2020,tbprofiler	4.3.2.1	2	1	G
790180	A	G	freschi2020	4.2.1.2.1.1.i3	1	1	A
791671	T	C	tbprofiler	3.1.2.1	1	1	T
794620	C	T	coscolla2021	6.3.1	1	1	C
794735	G	A	tbprofiler	3.1.3	1	1	G
795563	C	T	tbprofiler	4.1.4	1	1	C
796876	A	G	tbprofiler	4.7	1	1	A
797736	C	T	tbprofiler	2.2.1	1	1	C
799764	G	C	coscolla2021	6.1.3	1	1	G
800793	G	C	coscolla2021	5.3	1	1	G
801009	A	G	freschi2020	4.2.1.1.1.1.2	1	1	A
801959	C	T	tbprofiler	5	1	1	C
806605	C	T	tbprofiler	4.2.1.1	1	1	C
809813	G	C	coscolla2021	5.1.4	1	1	G
809981	G	A	coscolla2021,tbprofiler	5.2	2	1	G
811492	C	G	tbprofiler	1	1	1	C
811642	C	T	tbprofiler	7	1	1	C
811753	C	T	tbprofiler	2	1	1	C
81241	G	A	coscolla2021	6.2.3	1	1	G
812502	C	T	tbprofiler	1	1	1	C
812808	G	A	tbprofiler	4.3.3	1	1	G
813467	A	G	coscolla2021	5.1.2	1	1	A
815440	G	A	coscolla2021	6.2.2	1	1	G
818798	G	T	tbprofiler	4.6.1.2	1	1	G
821102	C	T	tbprofiler	4.4.1	1	1	C
821437	G	A	coscolla2021,tbprofiler	5.1.1	2	1	G
825585	T	C	napier2020,tbprofiler	4.3.1	2	1	T
831206	C	T	tbprofiler	4.3.4.1	1	1	C
832072	G	C	tbprofiler	1.1.3	1	1	G
832708	A	C	tbprofiler	4.1.2	1	1	A
83842	G	A	tbprofiler	4.1.2	1	1	G
851797	C	A	tbprofiler	1.1.1.1	1	1	C
852641	C	T	tbprofiler	1.1.3	1	1	C
853469	C	A	tbprofiler	4.3.2	1	1	C
85985	T	C	tbprofiler	3.1.1	1	1	T
860034	G	A	coscolla2021,tbprofiler	6.3.2	2	1	G
863340	T	C	tbprofiler	4.6.2	1	1	T
864166	C	T	tbprofiler	1.2.1	1	1	C
865006	G	A	coscolla2021	6.2.3	1	1	G
865761	C	T	tbprofiler	1	1	1	C
86773	C	A	coscolla2021	5.2	1	1	C
868006	C	T	tbprofiler	4.6.2	1	1	C
868271	T	C	tbprofiler	M.bovis	1	1	T
869440	C	T	tbprofiler	4.1.1	1	1	C
870112	C	T	tbprofiler	1.1.1	1	1	C
870187	C	T	freschi2020,napier2020,tbprofiler	4.2.1.1,4.2.2.2.2	3	2	C
870310	C	G	tbprofiler	6.1.3	1	1	C
874119	T	A	tbprofiler	6.1.3	1	1	T
874787	G	A	mykrobe	4.6.1.1	1	1	G
875034	G	A	tbprofiler	3.1.2.2	1	1	G
876378	T	C	tbprofiler	4.6.1.1	1	1	T
877055	A	C	tbprofiler	1.1.3	1	1	A
885032	G	A	coscolla2021	6.3.1	1	1	G
885634	G	A	coscolla2021,tbprofiler	6.2.3	2	1	G
886115	T	C	mykrobe	2.2.2	1	1	T
88764	C	T	tbprofiler	1.2.2.2	1	1	C
888214	G	A	tbprofiler	4.9.1	1	1	G
891756	A	G	mykrobe,tbprofiler	4.1.2	2	1	A
892416	C	T	tbprofiler	2.2	1	1	C
894079	C	T	tbprofiler	4.1.1.1	1	1	C
895563	G	A	coscolla2021,tbprofiler	6.3.1	2	1	G
896119	C	T	napier2020,tbprofiler	4.6.2.1	2	1	C
896152	C	T	tbprofiler	8	1	1	C
896356	C	T	tbprofiler	4.1.1.3	1	1	C
896431	G	A	tbprofiler	7	1	1	G
898137	C	T	coscolla2021,tbprofiler	6.2.2	2	1	C
899319	C	G	tbprofiler	4.2.1.1	1	1	C
90229	C	T	tbprofiler	4.9.1	1	1	C
902413	C	T	tbprofiler	4.1	1	1	C
903226	C	T	coscolla2021,tbprofiler	6.2.3	2	1	C
903262	C	A	tbprofiler	8	1	1	C
90370	C	T	tbprofiler	4.1.4	1	1	C
903913	C	T	tbprofiler	4.9	1	1	C
904090	T	C	napier2020,tbprofiler	M.caprae	2	1	T
912545	C	G	tbprofiler	4.6.3	1	1	C
917596	C	A	tbprofiler	2.2.2	1	1	C
917905	C	A	freschi2020	4.1.i1.1.1	1	1	C
918646	G	A	coscolla2021,tbprofiler	6.2.1	2	1	G
918685	C	T	tbprofiler	M.caprae	1	1	C
919393	G	C	tbprofiler	4.3.3	1	1	G
920189	G	T	coscolla2021	6.3.2	1	1	G
923065	T	A	tbprofiler	4.1	1	1	T
93044	G	A	tbprofiler	4.6.2.2	1	1	G
931123	C	T	tbprofiler	4	1	1	C
931123	T	C	freschi2020,mykrobe	4	2	1	C	diff
938153	A	G	tbprofiler	3.1.3	1	1	A
94019	G	C	coscolla2021,tbprofiler	5.1.5	2	1	G
94718	G	A	tbprofiler	M.caprae	1	1	G
947294	T	C	tbprofiler	M.bovis	1	1	T
951567	A	G	coscolla2021,tbprofiler	6.1.3	2	1	A
951568	T	C	coscolla2021	6.1.3	1	1	T
953397	C	T	tbprofiler	4.8.2	1	1	C
953748	G	A	coscolla2021	5.3	1	1	G
958362	C	G	napier2020,tbprofiler	3.1	2	1	C
960652	C	T	coscolla2021	6.3.1	1	1	C
96078	T	G	coscolla2021	5.3	1	1	T
961598	C	G	tbprofiler	3.1.2.1	1	1	C
963022	T	C	coscolla2021,tbprofiler	5.2	2	1	T
964099	T	C	tbprofiler	4.4.1.1	1	1	T
965798	G	A	coscolla2021	6.2.2	1	1	G
973290	G	A	tbprofiler	4.5	1	1	G
97414	G	A	coscolla2021	6.3.2	1	1	G
97898	C	T	tbprofiler	9	1	1	C
979314	C	T	tbprofiler	4.6.1	1	1	C
979859	T	C	tbprofiler	4.1.1.3	1	1	T
980505	G	A	coscolla2021	5.1.5	1	1	G
982363	G	T	napier2020,tbprofiler	6	2	1	G
985287	G	A	napier2020,tbprofiler	4.4.2	2	1	G
98536	C	T	tbprofiler	6.3	1	1	C
986388	C	G	coscolla2021	6.2.3	1	1	C
990383	G	A	tbprofiler	1.2.1	1	1	G
990533	T	C	tbprofiler	4.3.4.2	1	1	T
993016	G	A	tbprofiler	3.1.2	1	1	G
9944	A	C	tbprofiler	4.2.2	1	1	A
996871	G	A	tbprofiler	4.6.1.1	1	1	G
998007	G	A	coscolla2021	5.2	1	1	G
999736	T	G	coscolla2021	5.1.5	1	1	T
